Player,id,link,Opponent,GP,W,L,T/O,GA,SA,SV,SV%,GAA
Anthony Stolarz,stolaan01,/players/g/granlmi01.html,Anaheim Ducks,4,1,0,1,8,86,78,.907,2.90
Anthony Stolarz,stolaan01,/players/g/granlmi01.html,Arizona Coyotes,5,3,1,0,9,135,126,.933,1.94
Anthony Stolarz,stolaan01,/players/g/granlmi01.html,Boston Bruins,3,2,0,1,8,99,91,.919,2.60
Anthony Stolarz,stolaan01,/players/g/granlmi01.html,Buffalo Sabres,4,3,0,1,6,129,123,.953,1.47
Anthony Stolarz,stolaan01,/players/g/granlmi01.html,Calgary Flames,6,2,2,1,16,181,165,.912,2.92
Anthony Stolarz,stolaan01,/players/g/granlmi01.html,Carolina Hurricanes,2,1,0,1,6,70,64,.914,2.88
Anthony Stolarz,stolaan01,/players/g/granlmi01.html,Chicago Blackhawks,5,2,2,0,13,122,109,.893,2.82
Anthony Stolarz,stolaan01,/players/g/granlmi01.html,Columbus Blue Jackets,3,1,0,1,9,64,55,.859,3.87
Anthony Stolarz,stolaan01,/players/g/granlmi01.html,Dallas Stars,2,0,1,0,7,51,44,.863,5.27
Anthony Stolarz,stolaan01,/players/g/granlmi01.html,Detroit Red Wings,2,2,0,0,1,50,49,.980,0.49
Anthony Stolarz,stolaan01,/players/g/granlmi01.html,Edmonton Oilers,4,1,2,0,11,103,92,.893,3.34
Anthony Stolarz,stolaan01,/players/g/granlmi01.html,Florida Panthers,1,0,1,0,4,23,19,.826,4.12
Anthony Stolarz,stolaan01,/players/g/granlmi01.html,Los Angeles Kings,6,1,3,1,13,169,156,.923,2.41
Anthony Stolarz,stolaan01,/players/g/granlmi01.html,Minnesota Wild,5,1,3,1,15,154,139,.903,3.58
Anthony Stolarz,stolaan01,/players/g/granlmi01.html,Montreal Canadiens,5,3,2,0,14,155,141,.910,2.78
Anthony Stolarz,stolaan01,/players/g/granlmi01.html,Nashville Predators,1,1,0,0,1,27,26,.963,1.01
Anthony Stolarz,stolaan01,/players/g/granlmi01.html,New Jersey Devils,7,2,1,1,13,201,188,.935,2.13
Anthony Stolarz,stolaan01,/players/g/granlmi01.html,New York Islanders,5,1,3,0,15,107,92,.860,3.51
Anthony Stolarz,stolaan01,/players/g/granlmi01.html,New York Rangers,6,2,3,0,12,172,160,.930,2.30
Anthony Stolarz,stolaan01,/players/g/granlmi01.html,Ottawa Senators,5,2,3,0,12,158,146,.924,2.44
Anthony Stolarz,stolaan01,/players/g/granlmi01.html,Philadelphia Flyers,4,2,2,0,10,129,119,.922,2.53
Anthony Stolarz,stolaan01,/players/g/granlmi01.html,Pittsburgh Penguins,4,2,1,0,7,101,94,.931,2.14
Anthony Stolarz,stolaan01,/players/g/granlmi01.html,San Jose Sharks,14,10,1,1,32,438,406,.927,2.42
Anthony Stolarz,stolaan01,/players/g/granlmi01.html,Seattle Kraken,3,2,0,0,2,53,51,.962,0.89
Anthony Stolarz,stolaan01,/players/g/granlmi01.html,St. Louis Blues,7,4,1,0,14,186,172,.925,2.31
Anthony Stolarz,stolaan01,/players/g/granlmi01.html,Tampa Bay Lightning,2,1,0,1,6,65,59,.908,2.96
Anthony Stolarz,stolaan01,/players/g/granlmi01.html,Toronto Maple Leafs,6,1,1,1,10,159,149,.937,2.11
Anthony Stolarz,stolaan01,/players/g/granlmi01.html,Vancouver Canucks,2,0,1,0,2,5,3,.600,4.25
Anthony Stolarz,stolaan01,/players/g/granlmi01.html,Vegas Golden Knights,2,1,0,0,5,43,38,.884,3.75
Anthony Stolarz,stolaan01,/players/g/granlmi01.html,Washington Capitals,2,1,1,0,4,49,45,.918,1.95
Anthony Stolarz,stolaan01,/players/g/granlmi01.html,Winnipeg Jets,3,1,1,0,13,88,75,.852,5.14
Matt Murray,murrama02,/players/g/granlmi01.html,Anaheim Ducks,5,3,2,0,12,124,112,.903,2.76
Matt Murray,murrama02,/players/g/granlmi01.html,Arizona Coyotes,6,4,2,0,17,159,142,.893,2.83
Matt Murray,murrama02,/players/g/granlmi01.html,Boston Bruins,11,5,5,0,29,362,333,.920,2.99
Matt Murray,murrama02,/players/g/granlmi01.html,Buffalo Sabres,11,7,2,1,30,336,306,.911,2.89
Matt Murray,murrama02,/players/g/granlmi01.html,Calgary Flames,11,7,3,1,30,311,281,.904,3.05
Matt Murray,murrama02,/players/g/granlmi01.html,Carolina Hurricanes,14,7,4,2,27,443,416,.939,1.96
Matt Murray,murrama02,/players/g/granlmi01.html,Chicago Blackhawks,4,1,2,0,15,131,116,.885,3.85
Matt Murray,murrama02,/players/g/granlmi01.html,Colorado Avalanche,5,4,1,0,11,151,140,.927,2.16
Matt Murray,murrama02,/players/g/granlmi01.html,Columbus Blue Jackets,12,9,2,1,31,361,330,.914,2.59
Matt Murray,murrama02,/players/g/granlmi01.html,Dallas Stars,6,4,1,1,10,192,182,.948,1.66
Matt Murray,murrama02,/players/g/granlmi01.html,Detroit Red Wings,11,6,4,0,27,295,268,.908,2.65
Matt Murray,murrama02,/players/g/granlmi01.html,Edmonton Oilers,13,8,2,1,36,398,362,.910,3.04
Matt Murray,murrama02,/players/g/granlmi01.html,Florida Panthers,9,6,2,0,21,255,234,.918,2.66
Matt Murray,murrama02,/players/g/granlmi01.html,Los Angeles Kings,3,2,0,1,5,104,99,.952,1.62
Matt Murray,murrama02,/players/g/granlmi01.html,Minnesota Wild,4,3,1,0,10,116,106,.914,2.51
Matt Murray,murrama02,/players/g/granlmi01.html,Montreal Canadiens,12,8,4,0,27,356,329,.924,2.23
Matt Murray,murrama02,/players/g/granlmi01.html,Nashville Predators,6,5,1,0,11,201,190,.945,1.82
Matt Murray,murrama02,/players/g/granlmi01.html,New Jersey Devils,14,9,3,2,41,426,385,.904,2.99
Matt Murray,murrama02,/players/g/granlmi01.html,New York Islanders,9,3,3,3,27,238,211,.887,3.08
Matt Murray,murrama02,/players/g/granlmi01.html,New York Rangers,10,6,1,2,24,274,250,.912,2.39
Matt Murray,murrama02,/players/g/granlmi01.html,Ottawa Senators,9,6,1,1,23,254,231,.909,2.86
Matt Murray,murrama02,/players/g/granlmi01.html,Philadelphia Flyers,13,6,2,2,29,409,380,.929,2.54
Matt Murray,murrama02,/players/g/granlmi01.html,Pittsburgh Penguins,2,1,1,0,3,80,77,.963,1.52
Matt Murray,murrama02,/players/g/granlmi01.html,San Jose Sharks,5,2,3,0,12,153,141,.922,2.45
Matt Murray,murrama02,/players/g/granlmi01.html,Seattle Kraken,1,0,1,0,5,26,21,.808,5.00
Matt Murray,murrama02,/players/g/granlmi01.html,St. Louis Blues,7,2,4,1,23,198,175,.884,3.68
Matt Murray,murrama02,/players/g/granlmi01.html,Tampa Bay Lightning,10,4,4,2,30,285,255,.895,3.01
Matt Murray,murrama02,/players/g/granlmi01.html,Toronto Maple Leafs,13,4,7,1,38,399,361,.905,3.19
Matt Murray,murrama02,/players/g/granlmi01.html,Vancouver Canucks,11,3,6,0,32,269,237,.881,3.24
Matt Murray,murrama02,/players/g/granlmi01.html,Vegas Golden Knights,2,1,1,0,6,51,45,.882,3.05
Matt Murray,murrama02,/players/g/granlmi01.html,Washington Capitals,16,8,7,1,56,483,427,.884,3.66
Matt Murray,murrama02,/players/g/granlmi01.html,Winnipeg Jets,9,3,5,1,27,234,207,.885,3.52
Dennis Hildeby,hildede01,/players/g/granlmi01.html,Buffalo Sabres,1,1,0,0,3,27,24,.889,3.00
Dennis Hildeby,hildede01,/players/g/granlmi01.html,Columbus Blue Jackets,2,0,2,0,10,56,46,.821,5.05
Dennis Hildeby,hildede01,/players/g/granlmi01.html,New Jersey Devils,1,1,0,0,2,23,21,.913,2.02
Dennis Hildeby,hildede01,/players/g/granlmi01.html,Philadelphia Flyers,1,1,0,0,2,32,30,.938,1.92
Dennis Hildeby,hildede01,/players/g/granlmi01.html,Vancouver Canucks,1,0,1,0,3,18,15,.833,3.00
Joseph Woll,NA,/players/g/granlmi01.html,Anaheim Ducks,1,1,0,0,1,20,19,.950,1.50
Joseph Woll,NA,/players/g/granlmi01.html,Arizona Coyotes,1,1,0,0,2,32,30,.938,2.00
Joseph Woll,NA,/players/g/granlmi01.html,Boston Bruins,4,1,2,1,16,120,104,.867,3.98
Joseph Woll,NA,/players/g/granlmi01.html,Buffalo Sabres,2,1,1,0,9,67,58,.866,4.52
Joseph Woll,NA,/players/g/granlmi01.html,Calgary Flames,3,3,0,0,8,80,72,.900,2.59
Joseph Woll,NA,/players/g/granlmi01.html,Carolina Hurricanes,2,0,2,0,7,76,69,.908,3.58
Joseph Woll,NA,/players/g/granlmi01.html,Chicago Blackhawks,2,1,1,0,5,57,52,.912,2.59
Joseph Woll,NA,/players/g/granlmi01.html,Columbus Blue Jackets,2,1,1,0,6,66,60,.909,3.08
Joseph Woll,NA,/players/g/granlmi01.html,Dallas Stars,3,2,1,0,8,94,86,.915,2.69
Joseph Woll,NA,/players/g/granlmi01.html,Detroit Red Wings,2,1,1,0,5,50,45,.900,2.54
Joseph Woll,NA,/players/g/granlmi01.html,Edmonton Oilers,1,1,0,0,3,48,45,.938,3.03
Joseph Woll,NA,/players/g/granlmi01.html,Florida Panthers,2,1,1,0,5,80,75,.938,2.46
Joseph Woll,NA,/players/g/granlmi01.html,Los Angeles Kings,1,0,1,0,4,27,23,.852,4.00
Joseph Woll,NA,/players/g/granlmi01.html,Minnesota Wild,2,1,1,0,5,60,55,.917,2.47
Joseph Woll,NA,/players/g/granlmi01.html,Montreal Canadiens,3,3,0,0,5,86,81,.942,1.67
Joseph Woll,NA,/players/g/granlmi01.html,Nashville Predators,2,2,0,0,4,49,45,.918,2.00
Joseph Woll,NA,/players/g/granlmi01.html,New Jersey Devils,3,2,1,0,10,68,58,.853,3.33
Joseph Woll,NA,/players/g/granlmi01.html,New York Islanders,4,3,1,0,7,117,110,.940,1.77
Joseph Woll,NA,/players/g/granlmi01.html,New York Rangers,1,1,0,0,2,24,22,.917,2.00
Joseph Woll,NA,/players/g/granlmi01.html,Ottawa Senators,3,0,2,0,10,85,75,.882,3.55
Joseph Woll,NA,/players/g/granlmi01.html,Philadelphia Flyers,1,1,0,0,2,32,30,.938,2.00
Joseph Woll,NA,/players/g/granlmi01.html,Pittsburgh Penguins,3,1,2,0,11,96,85,.885,3.73
Joseph Woll,NA,/players/g/granlmi01.html,San Jose Sharks,1,1,0,0,1,35,34,.971,1.00
Joseph Woll,NA,/players/g/granlmi01.html,Seattle Kraken,2,2,0,0,4,65,61,.938,1.93
Joseph Woll,NA,/players/g/granlmi01.html,St. Louis Blues,2,0,2,0,7,49,42,.857,3.56
Joseph Woll,NA,/players/g/granlmi01.html,Tampa Bay Lightning,6,5,1,0,14,190,176,.926,2.50
Joseph Woll,NA,/players/g/granlmi01.html,Utah Hockey Club,1,1,0,0,2,26,24,.923,2.01
Joseph Woll,NA,/players/g/granlmi01.html,Vancouver Canucks,1,0,1,0,2,25,23,.920,2.08
Joseph Woll,NA,/players/g/granlmi01.html,Vegas Golden Knights,1,1,0,0,0,31,31,1.000,0.00
Joseph Woll,NA,/players/g/granlmi01.html,Washington Capitals,4,4,0,0,8,110,102,.927,1.98
Joseph Woll,NA,/players/g/granlmi01.html,Winnipeg Jets,2,0,2,0,10,67,57,.851,5.09
Spencer Knight,knighsp01,/players/g/granlmi01.html,Anaheim Ducks,3,3,0,0,3,86,83,.965,1.00
Spencer Knight,knighsp01,/players/g/granlmi01.html,Arizona Coyotes,3,2,1,0,8,77,69,.896,2.71
Spencer Knight,knighsp01,/players/g/granlmi01.html,Boston Bruins,3,1,1,1,11,98,87,.888,3.57
Spencer Knight,knighsp01,/players/g/granlmi01.html,Buffalo Sabres,5,4,1,0,11,131,120,.916,2.47
Spencer Knight,knighsp01,/players/g/granlmi01.html,Calgary Flames,3,0,2,1,12,93,81,.871,3.90
Spencer Knight,knighsp01,/players/g/granlmi01.html,Carolina Hurricanes,4,3,1,0,6,126,120,.952,1.50
Spencer Knight,knighsp01,/players/g/granlmi01.html,Chicago Blackhawks,2,1,1,0,5,46,41,.891,2.44
Spencer Knight,knighsp01,/players/g/granlmi01.html,Columbus Blue Jackets,2,2,0,0,4,72,68,.944,2.00
Spencer Knight,knighsp01,/players/g/granlmi01.html,Dallas Stars,4,2,2,0,11,104,93,.894,3.00
Spencer Knight,knighsp01,/players/g/granlmi01.html,Detroit Red Wings,2,1,0,0,1,38,37,.974,0.74
Spencer Knight,knighsp01,/players/g/granlmi01.html,Edmonton Oilers,2,0,1,1,7,71,64,.901,3.52
Spencer Knight,knighsp01,/players/g/granlmi01.html,Los Angeles Kings,3,1,1,1,5,107,102,.953,1.65
Spencer Knight,knighsp01,/players/g/granlmi01.html,Minnesota Wild,1,0,0,0,0,6,6,1.000,0.00
Spencer Knight,knighsp01,/players/g/granlmi01.html,Montreal Canadiens,2,1,1,0,7,56,49,.875,3.52
Spencer Knight,knighsp01,/players/g/granlmi01.html,Nashville Predators,4,3,0,0,4,66,62,.939,1.41
Spencer Knight,knighsp01,/players/g/granlmi01.html,New Jersey Devils,5,3,2,0,11,132,121,.917,2.52
Spencer Knight,knighsp01,/players/g/granlmi01.html,New York Islanders,3,3,0,0,8,88,80,.909,2.67
Spencer Knight,knighsp01,/players/g/granlmi01.html,New York Rangers,2,0,2,0,8,52,44,.846,4.14
Spencer Knight,knighsp01,/players/g/granlmi01.html,Ottawa Senators,3,2,1,0,11,91,80,.879,3.67
Spencer Knight,knighsp01,/players/g/granlmi01.html,Philadelphia Flyers,1,1,0,0,5,34,29,.853,5.06
Spencer Knight,knighsp01,/players/g/granlmi01.html,Pittsburgh Penguins,2,1,0,1,7,47,40,.851,3.33
Spencer Knight,knighsp01,/players/g/granlmi01.html,San Jose Sharks,1,1,0,0,2,26,24,.923,1.96
Spencer Knight,knighsp01,/players/g/granlmi01.html,Seattle Kraken,2,1,1,0,4,62,58,.935,2.01
Spencer Knight,knighsp01,/players/g/granlmi01.html,St. Louis Blues,4,1,1,2,16,116,100,.862,4.01
Spencer Knight,knighsp01,/players/g/granlmi01.html,Tampa Bay Lightning,4,3,1,0,11,111,100,.901,3.11
Spencer Knight,knighsp01,/players/g/granlmi01.html,Toronto Maple Leafs,2,1,1,0,6,45,39,.867,3.73
Spencer Knight,knighsp01,/players/g/granlmi01.html,Vancouver Canucks,2,2,0,0,2,61,59,.967,0.96
Spencer Knight,knighsp01,/players/g/granlmi01.html,Vegas Golden Knights,3,1,2,0,8,82,74,.902,2.74
Spencer Knight,knighsp01,/players/g/granlmi01.html,Washington Capitals,3,1,1,0,7,65,58,.892,3.74
Spencer Knight,knighsp01,/players/g/granlmi01.html,Winnipeg Jets,1,0,1,0,3,15,12,.800,8.29
Sergei Bobrovsky,bobrose01,/players/g/granlmi01.html,Anaheim Ducks,18,11,6,1,46,555,509,.917,2.54
Sergei Bobrovsky,bobrose01,/players/g/granlmi01.html,Arizona Coyotes,14,11,2,1,27,425,398,.936,1.94
Sergei Bobrovsky,bobrose01,/players/g/granlmi01.html,Boston Bruins,24,6,11,5,80,708,628,.887,3.62
Sergei Bobrovsky,bobrose01,/players/g/granlmi01.html,Buffalo Sabres,26,16,7,2,63,747,684,.916,2.59
Sergei Bobrovsky,bobrose01,/players/g/granlmi01.html,Calgary Flames,18,9,5,3,46,501,455,.908,2.63
Sergei Bobrovsky,bobrose01,/players/g/granlmi01.html,Carolina Hurricanes,32,15,16,1,72,953,881,.924,2.36
Sergei Bobrovsky,bobrose01,/players/g/granlmi01.html,Chicago Blackhawks,25,17,6,2,61,756,695,.919,2.46
Sergei Bobrovsky,bobrose01,/players/g/granlmi01.html,Colorado Avalanche,21,12,6,2,58,623,565,.907,2.79
Sergei Bobrovsky,bobrose01,/players/g/granlmi01.html,Columbus Blue Jackets,14,11,2,1,34,442,408,.923,2.43
Sergei Bobrovsky,bobrose01,/players/g/granlmi01.html,Dallas Stars,24,19,2,2,57,731,674,.922,2.42
Sergei Bobrovsky,bobrose01,/players/g/granlmi01.html,Detroit Red Wings,37,27,7,2,68,1040,972,.935,1.88
Sergei Bobrovsky,bobrose01,/players/g/granlmi01.html,Edmonton Oilers,19,13,6,0,50,502,452,.900,2.85
Sergei Bobrovsky,bobrose01,/players/g/granlmi01.html,Florida Panthers,16,13,1,2,31,519,488,.940,1.94
Sergei Bobrovsky,bobrose01,/players/g/granlmi01.html,Los Angeles Kings,18,5,10,2,49,532,483,.908,2.75
Sergei Bobrovsky,bobrose01,/players/g/granlmi01.html,Minnesota Wild,21,14,5,1,47,586,539,.920,2.30
Sergei Bobrovsky,bobrose01,/players/g/granlmi01.html,Montreal Canadiens,25,16,7,1,58,739,681,.922,2.42
Sergei Bobrovsky,bobrose01,/players/g/granlmi01.html,Nashville Predators,24,11,10,1,67,668,601,.900,3.12
Sergei Bobrovsky,bobrose01,/players/g/granlmi01.html,New Jersey Devils,30,20,8,1,74,880,806,.916,2.54
Sergei Bobrovsky,bobrose01,/players/g/granlmi01.html,New York Islanders,32,20,11,0,65,936,871,.931,2.12
Sergei Bobrovsky,bobrose01,/players/g/granlmi01.html,New York Rangers,32,16,12,3,89,972,883,.908,2.84
Sergei Bobrovsky,bobrose01,/players/g/granlmi01.html,Ottawa Senators,24,16,7,1,49,634,585,.923,2.08
Sergei Bobrovsky,bobrose01,/players/g/granlmi01.html,Philadelphia Flyers,29,20,8,1,69,856,787,.919,2.41
Sergei Bobrovsky,bobrose01,/players/g/granlmi01.html,Pittsburgh Penguins,35,19,10,6,92,1075,983,.914,2.68
Sergei Bobrovsky,bobrose01,/players/g/granlmi01.html,San Jose Sharks,22,15,5,2,49,738,689,.934,2.22
Sergei Bobrovsky,bobrose01,/players/g/granlmi01.html,Seattle Kraken,6,2,4,0,16,154,138,.896,2.70
Sergei Bobrovsky,bobrose01,/players/g/granlmi01.html,St. Louis Blues,12,6,6,0,26,306,280,.915,2.31
Sergei Bobrovsky,bobrose01,/players/g/granlmi01.html,Tampa Bay Lightning,33,14,13,3,94,880,786,.893,3.15
Sergei Bobrovsky,bobrose01,/players/g/granlmi01.html,Toronto Maple Leafs,24,14,8,1,63,671,608,.906,2.74
Sergei Bobrovsky,bobrose01,/players/g/granlmi01.html,Utah Hockey Club,1,1,0,0,1,26,25,.962,1.00
Sergei Bobrovsky,bobrose01,/players/g/granlmi01.html,Vancouver Canucks,20,7,8,3,54,570,516,.905,2.89
Sergei Bobrovsky,bobrose01,/players/g/granlmi01.html,Vegas Golden Knights,9,6,3,0,24,250,226,.904,2.71
Sergei Bobrovsky,bobrose01,/players/g/granlmi01.html,Washington Capitals,35,14,14,5,98,970,872,.899,3.01
Sergei Bobrovsky,bobrose01,/players/g/granlmi01.html,Winnipeg Jets,21,6,11,2,64,569,505,.888,3.41
Andrei Vasilevskiy,vasilan02,/players/g/granlmi01.html,Anaheim Ducks,9,7,1,0,19,258,239,.926,2.21
Andrei Vasilevskiy,vasilan02,/players/g/granlmi01.html,Arizona Coyotes,10,7,2,0,21,274,253,.923,2.26
Andrei Vasilevskiy,vasilan02,/players/g/granlmi01.html,Boston Bruins,24,10,12,2,65,757,692,.914,2.70
Andrei Vasilevskiy,vasilan02,/players/g/granlmi01.html,Buffalo Sabres,17,12,2,3,38,464,426,.918,2.22
Andrei Vasilevskiy,vasilan02,/players/g/granlmi01.html,Calgary Flames,13,7,6,0,40,375,335,.893,3.11
Andrei Vasilevskiy,vasilan02,/players/g/granlmi01.html,Carolina Hurricanes,23,15,5,3,51,729,678,.930,2.21
Andrei Vasilevskiy,vasilan02,/players/g/granlmi01.html,Chicago Blackhawks,13,13,0,0,28,400,372,.930,2.14
Andrei Vasilevskiy,vasilan02,/players/g/granlmi01.html,Colorado Avalanche,11,6,4,1,30,327,297,.908,2.72
Andrei Vasilevskiy,vasilan02,/players/g/granlmi01.html,Columbus Blue Jackets,21,17,4,0,47,640,593,.927,2.24
Andrei Vasilevskiy,vasilan02,/players/g/granlmi01.html,Dallas Stars,21,14,4,3,42,580,538,.928,2.02
Andrei Vasilevskiy,vasilan02,/players/g/granlmi01.html,Detroit Red Wings,21,16,5,0,43,637,594,.932,2.08
Andrei Vasilevskiy,vasilan02,/players/g/granlmi01.html,Edmonton Oilers,11,7,4,0,31,343,312,.910,2.93
Andrei Vasilevskiy,vasilan02,/players/g/granlmi01.html,Florida Panthers,33,16,15,1,97,1082,985,.910,3.06
Andrei Vasilevskiy,vasilan02,/players/g/granlmi01.html,Los Angeles Kings,16,10,4,1,39,464,425,.916,2.59
Andrei Vasilevskiy,vasilan02,/players/g/granlmi01.html,Minnesota Wild,14,6,6,2,35,407,372,.914,2.50
Andrei Vasilevskiy,vasilan02,/players/g/granlmi01.html,Montreal Canadiens,21,16,3,2,44,638,594,.931,2.08
Andrei Vasilevskiy,vasilan02,/players/g/granlmi01.html,Nashville Predators,14,9,3,1,32,389,357,.918,2.34
Andrei Vasilevskiy,vasilan02,/players/g/granlmi01.html,New Jersey Devils,15,9,5,1,40,435,395,.908,2.68
Andrei Vasilevskiy,vasilan02,/players/g/granlmi01.html,New York Islanders,19,13,4,1,38,595,557,.936,2.09
Andrei Vasilevskiy,vasilan02,/players/g/granlmi01.html,New York Rangers,16,6,8,2,46,513,467,.910,2.86
Andrei Vasilevskiy,vasilan02,/players/g/granlmi01.html,Ottawa Senators,19,12,7,0,57,543,486,.895,3.06
Andrei Vasilevskiy,vasilan02,/players/g/granlmi01.html,Philadelphia Flyers,20,14,4,1,42,605,563,.931,2.19
Andrei Vasilevskiy,vasilan02,/players/g/granlmi01.html,Pittsburgh Penguins,19,11,7,1,59,607,548,.903,3.11
Andrei Vasilevskiy,vasilan02,/players/g/granlmi01.html,San Jose Sharks,12,8,3,0,24,318,294,.925,2.15
Andrei Vasilevskiy,vasilan02,/players/g/granlmi01.html,Seattle Kraken,6,6,0,0,8,169,161,.953,1.32
Andrei Vasilevskiy,vasilan02,/players/g/granlmi01.html,St. Louis Blues,15,8,4,1,29,404,375,.928,2.13
Andrei Vasilevskiy,vasilan02,/players/g/granlmi01.html,Toronto Maple Leafs,29,15,12,2,74,882,808,.916,2.66
Andrei Vasilevskiy,vasilan02,/players/g/granlmi01.html,Vancouver Canucks,14,10,3,0,29,380,351,.924,2.18
Andrei Vasilevskiy,vasilan02,/players/g/granlmi01.html,Vegas Golden Knights,13,6,4,3,42,396,354,.894,3.20
Andrei Vasilevskiy,vasilan02,/players/g/granlmi01.html,Washington Capitals,23,11,11,1,71,737,666,.904,3.11
Andrei Vasilevskiy,vasilan02,/players/g/granlmi01.html,Winnipeg Jets,13,5,7,1,41,377,336,.891,3.17
Jonas Johansson,johanjo03,/players/g/granlmi01.html,Anaheim Ducks,7,5,2,0,11,188,177,.941,1.64
Jonas Johansson,johanjo03,/players/g/granlmi01.html,Arizona Coyotes,3,0,2,1,11,89,78,.876,3.63
Jonas Johansson,johanjo03,/players/g/granlmi01.html,Boston Bruins,1,1,0,0,4,27,23,.852,4.06
Jonas Johansson,johanjo03,/players/g/granlmi01.html,Buffalo Sabres,2,1,0,1,4,58,54,.931,2.00
Jonas Johansson,johanjo03,/players/g/granlmi01.html,Carolina Hurricanes,2,1,1,0,4,64,60,.938,2.02
Jonas Johansson,johanjo03,/players/g/granlmi01.html,Chicago Blackhawks,4,2,2,0,13,77,64,.831,3.35
Jonas Johansson,johanjo03,/players/g/granlmi01.html,Colorado Avalanche,1,0,0,0,1,14,13,.929,2.03
Jonas Johansson,johanjo03,/players/g/granlmi01.html,Columbus Blue Jackets,3,0,1,2,17,107,90,.841,5.76
Jonas Johansson,johanjo03,/players/g/granlmi01.html,Dallas Stars,1,0,0,0,2,9,7,.778,6.00
Jonas Johansson,johanjo03,/players/g/granlmi01.html,Detroit Red Wings,2,0,1,1,8,62,54,.871,3.97
Jonas Johansson,johanjo03,/players/g/granlmi01.html,Edmonton Oilers,1,1,0,0,4,42,38,.905,4.00
Jonas Johansson,johanjo03,/players/g/granlmi01.html,Florida Panthers,3,1,1,0,6,81,75,.926,2.59
Jonas Johansson,johanjo03,/players/g/granlmi01.html,Los Angeles Kings,2,2,0,0,3,40,37,.925,1.50
Jonas Johansson,johanjo03,/players/g/granlmi01.html,Minnesota Wild,1,0,0,0,1,1,0,.000,4.72
Jonas Johansson,johanjo03,/players/g/granlmi01.html,Montreal Canadiens,4,2,2,0,18,122,104,.852,4.52
Jonas Johansson,johanjo03,/players/g/granlmi01.html,Nashville Predators,4,3,1,0,11,119,108,.908,2.77
Jonas Johansson,johanjo03,/players/g/granlmi01.html,New Jersey Devils,3,2,1,0,9,81,72,.889,3.04
Jonas Johansson,johanjo03,/players/g/granlmi01.html,New York Islanders,3,0,3,0,15,98,83,.847,5.04
Jonas Johansson,johanjo03,/players/g/granlmi01.html,New York Rangers,1,0,0,0,0,1,1,1.000,0.00
Jonas Johansson,johanjo03,/players/g/granlmi01.html,Ottawa Senators,4,2,0,0,12,80,68,.850,4.96
Jonas Johansson,johanjo03,/players/g/granlmi01.html,Philadelphia Flyers,3,0,1,1,8,80,72,.900,3.33
Jonas Johansson,johanjo03,/players/g/granlmi01.html,Pittsburgh Penguins,3,1,2,0,10,91,81,.890,3.41
Jonas Johansson,johanjo03,/players/g/granlmi01.html,San Jose Sharks,1,1,0,0,0,23,23,1.000,0.00
Jonas Johansson,johanjo03,/players/g/granlmi01.html,Seattle Kraken,2,1,0,1,5,65,60,.923,2.45
Jonas Johansson,johanjo03,/players/g/granlmi01.html,St. Louis Blues,3,1,2,0,10,75,65,.867,3.34
Jonas Johansson,johanjo03,/players/g/granlmi01.html,Toronto Maple Leafs,6,0,2,2,23,176,153,.869,4.68
Jonas Johansson,johanjo03,/players/g/granlmi01.html,Vancouver Canucks,1,1,0,0,3,29,26,.897,3.00
Jonas Johansson,johanjo03,/players/g/granlmi01.html,Winnipeg Jets,3,1,1,1,9,90,81,.900,3.01
Cam Talbot,talboca01,/players/g/granlmi01.html,Anaheim Ducks,27,17,8,2,53,811,758,.935,1.99
Cam Talbot,talboca01,/players/g/granlmi01.html,Arizona Coyotes,24,16,6,1,49,716,667,.932,2.13
Cam Talbot,talboca01,/players/g/granlmi01.html,Boston Bruins,14,8,6,0,38,457,419,.917,2.72
Cam Talbot,talboca01,/players/g/granlmi01.html,Buffalo Sabres,8,2,3,2,25,219,194,.886,3.68
Cam Talbot,talboca01,/players/g/granlmi01.html,Calgary Flames,20,13,6,0,44,564,520,.922,2.34
Cam Talbot,talboca01,/players/g/granlmi01.html,Carolina Hurricanes,10,6,3,0,20,279,259,.928,2.17
Cam Talbot,talboca01,/players/g/granlmi01.html,Chicago Blackhawks,22,14,7,1,45,608,563,.926,2.14
Cam Talbot,talboca01,/players/g/granlmi01.html,Colorado Avalanche,17,8,8,0,51,492,441,.896,3.33
Cam Talbot,talboca01,/players/g/granlmi01.html,Columbus Blue Jackets,15,7,6,1,43,394,351,.891,3.02
Cam Talbot,talboca01,/players/g/granlmi01.html,Dallas Stars,15,4,9,1,50,410,360,.878,3.69
Cam Talbot,talboca01,/players/g/granlmi01.html,Detroit Red Wings,13,7,4,2,40,384,344,.896,3.13
Cam Talbot,talboca01,/players/g/granlmi01.html,Edmonton Oilers,9,4,2,2,17,256,239,.934,2.05
Cam Talbot,talboca01,/players/g/granlmi01.html,Florida Panthers,15,9,5,1,39,517,478,.925,2.59
Cam Talbot,talboca01,/players/g/granlmi01.html,Los Angeles Kings,27,14,11,0,69,784,715,.912,2.76
Cam Talbot,talboca01,/players/g/granlmi01.html,Minnesota Wild,19,9,8,2,45,589,544,.924,2.43
Cam Talbot,talboca01,/players/g/granlmi01.html,Montreal Canadiens,13,9,3,1,20,336,316,.940,1.61
Cam Talbot,talboca01,/players/g/granlmi01.html,Nashville Predators,15,4,10,1,34,450,416,.924,2.30
Cam Talbot,talboca01,/players/g/granlmi01.html,New Jersey Devils,13,9,3,0,31,372,341,.917,2.43
Cam Talbot,talboca01,/players/g/granlmi01.html,New York Islanders,14,8,3,1,32,408,376,.922,2.52
Cam Talbot,talboca01,/players/g/granlmi01.html,New York Rangers,12,6,6,0,34,341,307,.900,2.96
Cam Talbot,talboca01,/players/g/granlmi01.html,Ottawa Senators,12,8,4,0,29,337,308,.914,2.54
Cam Talbot,talboca01,/players/g/granlmi01.html,Philadelphia Flyers,15,8,6,1,32,442,410,.928,2.14
Cam Talbot,talboca01,/players/g/granlmi01.html,Pittsburgh Penguins,13,4,4,4,40,415,375,.904,3.14
Cam Talbot,talboca01,/players/g/granlmi01.html,San Jose Sharks,21,7,9,4,66,567,501,.884,3.43
Cam Talbot,talboca01,/players/g/granlmi01.html,Seattle Kraken,8,5,3,0,21,217,196,.903,2.69
Cam Talbot,talboca01,/players/g/granlmi01.html,St. Louis Blues,25,8,10,6,75,713,638,.895,3.11
Cam Talbot,talboca01,/players/g/granlmi01.html,Tampa Bay Lightning,11,6,3,1,28,261,233,.893,2.80
Cam Talbot,talboca01,/players/g/granlmi01.html,Toronto Maple Leafs,14,6,5,1,33,354,321,.907,2.73
Cam Talbot,talboca01,/players/g/granlmi01.html,Vancouver Canucks,25,14,3,5,49,679,630,.928,2.08
Cam Talbot,talboca01,/players/g/granlmi01.html,Vegas Golden Knights,20,8,8,3,61,632,571,.903,3.12
Cam Talbot,talboca01,/players/g/granlmi01.html,Washington Capitals,17,5,9,1,43,462,419,.907,2.72
Cam Talbot,talboca01,/players/g/granlmi01.html,Winnipeg Jets,18,9,8,1,59,596,537,.901,3.30
Alex Lyon,NA,/players/g/granlmi01.html,Anaheim Ducks,3,2,1,0,11,87,76,.874,3.62
Alex Lyon,NA,/players/g/granlmi01.html,Arizona Coyotes,2,0,2,0,7,50,43,.860,3.52
Alex Lyon,NA,/players/g/granlmi01.html,Boston Bruins,3,1,2,0,9,89,80,.899,3.05
Alex Lyon,NA,/players/g/granlmi01.html,Buffalo Sabres,7,3,3,0,18,183,165,.902,3.62
Alex Lyon,NA,/players/g/granlmi01.html,Carolina Hurricanes,3,1,2,0,9,88,79,.898,3.06
Alex Lyon,NA,/players/g/granlmi01.html,Chicago Blackhawks,1,1,0,0,1,35,34,.971,1.00
Alex Lyon,NA,/players/g/granlmi01.html,Colorado Avalanche,3,2,1,0,9,102,93,.912,3.30
Alex Lyon,NA,/players/g/granlmi01.html,Columbus Blue Jackets,2,1,0,0,0,39,39,1.000,0.00
Alex Lyon,NA,/players/g/granlmi01.html,Dallas Stars,2,0,2,0,9,57,48,.842,5.40
Alex Lyon,NA,/players/g/granlmi01.html,Detroit Red Wings,1,0,0,1,1,12,11,.917,1.73
Alex Lyon,NA,/players/g/granlmi01.html,Edmonton Oilers,3,1,1,1,12,123,111,.902,4.06
Alex Lyon,NA,/players/g/granlmi01.html,Florida Panthers,4,1,1,2,12,145,133,.917,2.89
Alex Lyon,NA,/players/g/granlmi01.html,Los Angeles Kings,3,2,1,0,9,111,102,.919,2.95
Alex Lyon,NA,/players/g/granlmi01.html,Minnesota Wild,2,2,0,0,4,70,66,.943,2.00
Alex Lyon,NA,/players/g/granlmi01.html,Montreal Canadiens,6,4,2,0,19,157,138,.879,3.15
Alex Lyon,NA,/players/g/granlmi01.html,Nashville Predators,3,2,1,0,7,108,101,.935,2.33
Alex Lyon,NA,/players/g/granlmi01.html,New Jersey Devils,4,1,2,0,9,58,49,.845,2.81
Alex Lyon,NA,/players/g/granlmi01.html,New York Islanders,4,3,1,0,7,108,101,.935,1.76
Alex Lyon,NA,/players/g/granlmi01.html,New York Rangers,7,2,4,0,20,191,171,.895,3.35
Alex Lyon,NA,/players/g/granlmi01.html,Ottawa Senators,5,1,1,1,12,141,129,.915,3.24
Alex Lyon,NA,/players/g/granlmi01.html,Philadelphia Flyers,5,2,2,1,12,114,102,.895,2.69
Alex Lyon,NA,/players/g/granlmi01.html,Pittsburgh Penguins,6,2,1,2,25,186,161,.866,4.62
Alex Lyon,NA,/players/g/granlmi01.html,San Jose Sharks,1,1,0,0,3,27,24,.889,3.00
Alex Lyon,NA,/players/g/granlmi01.html,Seattle Kraken,1,1,0,0,3,41,38,.927,2.95
Alex Lyon,NA,/players/g/granlmi01.html,St. Louis Blues,2,2,0,0,3,52,49,.942,1.50
Alex Lyon,NA,/players/g/granlmi01.html,Tampa Bay Lightning,4,2,0,0,5,73,68,.932,2.10
Alex Lyon,NA,/players/g/granlmi01.html,Toronto Maple Leafs,4,1,1,1,7,96,89,.927,2.06
Alex Lyon,NA,/players/g/granlmi01.html,Vancouver Canucks,4,2,1,0,11,98,87,.888,2.85
Alex Lyon,NA,/players/g/granlmi01.html,Vegas Golden Knights,1,1,0,0,2,30,28,.933,2.01
Alex Lyon,NA,/players/g/granlmi01.html,Washington Capitals,8,3,2,2,20,210,190,.905,2.81
Alex Lyon,NA,/players/g/granlmi01.html,Winnipeg Jets,2,1,1,0,8,52,44,.846,4.02
Ville Husso,hussovi01,/players/g/granlmi01.html,Anaheim Ducks,6,4,0,1,14,147,133,.905,2.62
Ville Husso,hussovi01,/players/g/granlmi01.html,Arizona Coyotes,4,3,1,0,10,100,90,.900,2.44
Ville Husso,hussovi01,/players/g/granlmi01.html,Boston Bruins,8,4,2,2,25,264,239,.905,3.12
Ville Husso,hussovi01,/players/g/granlmi01.html,Buffalo Sabres,3,1,0,1,12,81,69,.852,5.00
Ville Husso,hussovi01,/players/g/granlmi01.html,Calgary Flames,4,3,0,0,6,121,115,.950,1.80
Ville Husso,hussovi01,/players/g/granlmi01.html,Carolina Hurricanes,3,0,3,0,8,92,84,.913,2.74
Ville Husso,hussovi01,/players/g/granlmi01.html,Chicago Blackhawks,2,2,0,0,4,36,32,.889,2.00
Ville Husso,hussovi01,/players/g/granlmi01.html,Colorado Avalanche,5,0,4,0,18,116,98,.845,4.88
Ville Husso,hussovi01,/players/g/granlmi01.html,Columbus Blue Jackets,6,4,2,0,19,163,144,.883,3.21
Ville Husso,hussovi01,/players/g/granlmi01.html,Dallas Stars,2,0,1,1,6,38,32,.842,4.70
Ville Husso,hussovi01,/players/g/granlmi01.html,Detroit Red Wings,1,0,1,0,3,22,19,.864,3.09
Ville Husso,hussovi01,/players/g/granlmi01.html,Edmonton Oilers,4,1,1,1,11,105,94,.895,3.66
Ville Husso,hussovi01,/players/g/granlmi01.html,Florida Panthers,4,0,2,1,14,133,119,.895,3.55
Ville Husso,hussovi01,/players/g/granlmi01.html,Los Angeles Kings,4,2,1,1,12,134,122,.910,3.04
Ville Husso,hussovi01,/players/g/granlmi01.html,Minnesota Wild,6,6,0,0,15,196,181,.923,2.43
Ville Husso,hussovi01,/players/g/granlmi01.html,Montreal Canadiens,6,4,0,2,12,169,157,.929,1.95
Ville Husso,hussovi01,/players/g/granlmi01.html,Nashville Predators,4,3,1,0,9,112,103,.920,2.28
Ville Husso,hussovi01,/players/g/granlmi01.html,New Jersey Devils,3,0,2,1,11,86,75,.872,3.69
Ville Husso,hussovi01,/players/g/granlmi01.html,New York Islanders,2,2,0,0,3,64,61,.953,1.48
Ville Husso,hussovi01,/players/g/granlmi01.html,New York Rangers,7,2,5,0,26,217,191,.880,3.79
Ville Husso,hussovi01,/players/g/granlmi01.html,Ottawa Senators,5,2,3,0,17,143,126,.881,3.42
Ville Husso,hussovi01,/players/g/granlmi01.html,Philadelphia Flyers,3,0,2,0,4,79,75,.949,1.64
Ville Husso,hussovi01,/players/g/granlmi01.html,Pittsburgh Penguins,5,1,2,1,18,132,114,.864,4.70
Ville Husso,hussovi01,/players/g/granlmi01.html,San Jose Sharks,8,5,1,2,25,213,188,.883,3.34
Ville Husso,hussovi01,/players/g/granlmi01.html,Seattle Kraken,6,3,1,2,16,189,173,.915,2.63
Ville Husso,hussovi01,/players/g/granlmi01.html,St. Louis Blues,1,1,0,0,4,37,33,.892,4.00
Ville Husso,hussovi01,/players/g/granlmi01.html,Tampa Bay Lightning,6,3,3,0,20,192,172,.896,3.38
Ville Husso,hussovi01,/players/g/granlmi01.html,Toronto Maple Leafs,4,3,1,0,10,108,98,.907,2.88
Ville Husso,hussovi01,/players/g/granlmi01.html,Vancouver Canucks,6,5,0,1,11,182,171,.940,1.97
Ville Husso,hussovi01,/players/g/granlmi01.html,Vegas Golden Knights,6,1,5,0,23,175,152,.869,4.29
Ville Husso,hussovi01,/players/g/granlmi01.html,Washington Capitals,5,4,0,1,9,151,142,.940,1.77
Ville Husso,hussovi01,/players/g/granlmi01.html,Winnipeg Jets,2,1,1,0,8,60,52,.867,4.06
Sebastian Cossa,cossase01,/players/g/granlmi01.html,Buffalo Sabres,1,1,0,0,2,14,12,.857,2.67
Linus Ullmark,ullmali01,/players/g/granlmi01.html,Anaheim Ducks,8,4,2,2,18,258,240,.930,2.20
Linus Ullmark,ullmali01,/players/g/granlmi01.html,Arizona Coyotes,5,3,0,0,8,148,140,.946,1.76
Linus Ullmark,ullmali01,/players/g/granlmi01.html,Boston Bruins,8,2,5,0,17,206,189,.917,2.45
Linus Ullmark,ullmali01,/players/g/granlmi01.html,Buffalo Sabres,6,4,2,0,14,198,184,.929,2.36
Linus Ullmark,ullmali01,/players/g/granlmi01.html,Calgary Flames,8,5,1,2,21,284,263,.926,2.58
Linus Ullmark,ullmali01,/players/g/granlmi01.html,Carolina Hurricanes,8,1,4,1,26,254,228,.898,3.50
Linus Ullmark,ullmali01,/players/g/granlmi01.html,Chicago Blackhawks,4,2,1,0,9,76,67,.882,2.70
Linus Ullmark,ullmali01,/players/g/granlmi01.html,Colorado Avalanche,4,2,0,1,5,91,86,.945,1.60
Linus Ullmark,ullmali01,/players/g/granlmi01.html,Columbus Blue Jackets,9,5,2,2,20,287,267,.930,2.33
Linus Ullmark,ullmali01,/players/g/granlmi01.html,Dallas Stars,7,3,4,0,13,188,175,.931,2.02
Linus Ullmark,ullmali01,/players/g/granlmi01.html,Detroit Red Wings,11,7,2,2,24,340,316,.929,2.15
Linus Ullmark,ullmali01,/players/g/granlmi01.html,Edmonton Oilers,9,3,3,1,25,223,198,.888,3.28
Linus Ullmark,ullmali01,/players/g/granlmi01.html,Florida Panthers,18,13,4,1,45,644,599,.930,2.47
Linus Ullmark,ullmali01,/players/g/granlmi01.html,Los Angeles Kings,7,4,0,3,17,190,173,.911,2.34
Linus Ullmark,ullmali01,/players/g/granlmi01.html,Minnesota Wild,8,5,2,1,23,262,239,.912,2.83
Linus Ullmark,ullmali01,/players/g/granlmi01.html,Montreal Canadiens,7,3,3,0,21,160,139,.869,3.44
Linus Ullmark,ullmali01,/players/g/granlmi01.html,Nashville Predators,8,4,4,0,17,235,218,.928,2.29
Linus Ullmark,ullmali01,/players/g/granlmi01.html,New Jersey Devils,16,11,4,0,34,485,451,.930,2.22
Linus Ullmark,ullmali01,/players/g/granlmi01.html,New York Islanders,16,9,6,1,41,444,403,.908,2.55
Linus Ullmark,ullmali01,/players/g/granlmi01.html,New York Rangers,10,5,3,1,27,273,246,.901,2.82
Linus Ullmark,ullmali01,/players/g/granlmi01.html,Ottawa Senators,10,5,3,0,16,250,234,.936,1.90
Linus Ullmark,ullmali01,/players/g/granlmi01.html,Philadelphia Flyers,10,6,2,2,28,319,291,.912,2.79
Linus Ullmark,ullmali01,/players/g/granlmi01.html,Pittsburgh Penguins,6,6,0,0,16,203,187,.921,2.71
Linus Ullmark,ullmali01,/players/g/granlmi01.html,San Jose Sharks,7,7,0,0,15,208,193,.928,2.16
Linus Ullmark,ullmali01,/players/g/granlmi01.html,Seattle Kraken,5,3,1,1,9,141,132,.936,1.79
Linus Ullmark,ullmali01,/players/g/granlmi01.html,St. Louis Blues,7,4,2,1,15,207,192,.928,2.10
Linus Ullmark,ullmali01,/players/g/granlmi01.html,Tampa Bay Lightning,14,5,8,1,39,410,371,.905,2.94
Linus Ullmark,ullmali01,/players/g/granlmi01.html,Toronto Maple Leafs,12,5,5,1,32,336,304,.905,2.94
Linus Ullmark,ullmali01,/players/g/granlmi01.html,Vancouver Canucks,8,5,3,0,20,225,205,.911,2.53
Linus Ullmark,ullmali01,/players/g/granlmi01.html,Vegas Golden Knights,4,2,2,0,11,116,105,.905,2.79
Linus Ullmark,ullmali01,/players/g/granlmi01.html,Washington Capitals,13,6,5,2,38,376,338,.899,2.92
Linus Ullmark,ullmali01,/players/g/granlmi01.html,Winnipeg Jets,3,2,1,0,7,111,104,.937,2.34
Leevi Merilainen,merille01,/players/g/granlmi01.html,Boston Bruins,1,1,0,0,5,28,23,.821,4.84
Leevi Merilainen,merille01,/players/g/granlmi01.html,Carolina Hurricanes,1,0,0,1,3,37,34,.919,2.83
Leevi Merilainen,merille01,/players/g/granlmi01.html,Dallas Stars,2,1,1,0,6,51,45,.882,3.09
Leevi Merilainen,merille01,/players/g/granlmi01.html,Edmonton Oilers,1,0,1,0,2,14,12,.857,3.27
Leevi Merilainen,merille01,/players/g/granlmi01.html,Florida Panthers,1,0,1,0,3,12,9,.750,8.41
Leevi Merilainen,merille01,/players/g/granlmi01.html,Minnesota Wild,2,2,0,0,1,47,46,.979,0.50
Leevi Merilainen,merille01,/players/g/granlmi01.html,New York Islanders,1,1,0,0,0,24,24,1.000,0.00
Leevi Merilainen,merille01,/players/g/granlmi01.html,New York Rangers,1,0,1,0,2,16,14,.875,4.80
Leevi Merilainen,merille01,/players/g/granlmi01.html,Pittsburgh Penguins,1,1,0,0,0,29,29,1.000,0.00
Leevi Merilainen,merille01,/players/g/granlmi01.html,Utah Hockey Club,1,1,0,0,1,35,34,.971,1.00
Leevi Merilainen,merille01,/players/g/granlmi01.html,Vancouver Canucks,1,1,0,0,4,25,21,.840,3.98
Leevi Merilainen,merille01,/players/g/granlmi01.html,Washington Capitals,1,0,0,1,1,26,25,.962,0.95
Mads Søgaard,sogaama01,/players/g/granlmi01.html,Anaheim Ducks,1,0,1,0,2,16,14,.875,2.04
Mads Søgaard,sogaama01,/players/g/granlmi01.html,Boston Bruins,1,0,1,0,2,35,33,.943,2.05
Mads Søgaard,sogaama01,/players/g/granlmi01.html,Buffalo Sabres,1,0,0,1,4,36,32,.889,3.92
Mads Søgaard,sogaama01,/players/g/granlmi01.html,Calgary Flames,1,1,0,0,3,37,34,.919,2.95
Mads Søgaard,sogaama01,/players/g/granlmi01.html,Carolina Hurricanes,1,1,0,0,2,29,27,.931,2.00
Mads Søgaard,sogaama01,/players/g/granlmi01.html,Chicago Blackhawks,2,0,1,1,9,53,44,.830,4.42
Mads Søgaard,sogaama01,/players/g/granlmi01.html,Colorado Avalanche,2,0,2,0,11,63,52,.825,5.60
Mads Søgaard,sogaama01,/players/g/granlmi01.html,Detroit Red Wings,2,2,0,0,3,46,43,.935,1.50
Mads Søgaard,sogaama01,/players/g/granlmi01.html,Edmonton Oilers,2,0,1,0,5,35,30,.857,4.60
Mads Søgaard,sogaama01,/players/g/granlmi01.html,Florida Panthers,2,1,0,0,6,52,46,.885,3.68
Mads Søgaard,sogaama01,/players/g/granlmi01.html,Los Angeles Kings,1,1,0,0,4,17,13,.765,6.96
Mads Søgaard,sogaama01,/players/g/granlmi01.html,Montreal Canadiens,1,1,0,0,2,32,30,.938,2.00
Mads Søgaard,sogaama01,/players/g/granlmi01.html,Nashville Predators,1,0,0,0,3,11,8,.727,9.00
Mads Søgaard,sogaama01,/players/g/granlmi01.html,New York Rangers,1,0,0,0,2,11,9,.818,4.48
Mads Søgaard,sogaama01,/players/g/granlmi01.html,Philadelphia Flyers,2,1,1,0,6,64,58,.906,3.08
Mads Søgaard,sogaama01,/players/g/granlmi01.html,Seattle Kraken,1,1,0,0,4,33,29,.879,4.00
Mads Søgaard,sogaama01,/players/g/granlmi01.html,St. Louis Blues,1,1,0,0,2,32,30,.938,2.00
Mads Søgaard,sogaama01,/players/g/granlmi01.html,Tampa Bay Lightning,1,1,0,0,2,29,27,.931,2.00
Mads Søgaard,sogaama01,/players/g/granlmi01.html,Toronto Maple Leafs,2,0,1,1,7,45,38,.844,4.07
Mads Søgaard,sogaama01,/players/g/granlmi01.html,Vancouver Canucks,1,0,1,0,4,29,25,.862,4.03
Mads Søgaard,sogaama01,/players/g/granlmi01.html,Winnipeg Jets,2,0,2,0,8,48,40,.833,4.20
Anton Forsberg,forsban01,/players/g/granlmi01.html,Anaheim Ducks,4,0,4,0,13,106,93,.877,3.82
Anton Forsberg,forsban01,/players/g/granlmi01.html,Arizona Coyotes,5,2,3,0,15,121,106,.876,3.39
Anton Forsberg,forsban01,/players/g/granlmi01.html,Boston Bruins,6,4,1,1,13,201,188,.935,2.16
Anton Forsberg,forsban01,/players/g/granlmi01.html,Buffalo Sabres,10,4,5,0,22,276,254,.920,2.48
Anton Forsberg,forsban01,/players/g/granlmi01.html,Calgary Flames,3,1,2,0,11,83,72,.867,4.41
Anton Forsberg,forsban01,/players/g/granlmi01.html,Carolina Hurricanes,7,3,4,0,25,252,227,.901,3.59
Anton Forsberg,forsban01,/players/g/granlmi01.html,Chicago Blackhawks,2,1,1,0,6,47,41,.872,3.00
Anton Forsberg,forsban01,/players/g/granlmi01.html,Colorado Avalanche,6,1,5,0,28,184,156,.848,5.30
Anton Forsberg,forsban01,/players/g/granlmi01.html,Columbus Blue Jackets,6,4,2,0,12,202,190,.941,1.99
Anton Forsberg,forsban01,/players/g/granlmi01.html,Dallas Stars,5,1,2,2,15,135,120,.889,2.94
Anton Forsberg,forsban01,/players/g/granlmi01.html,Detroit Red Wings,4,3,0,1,7,114,107,.939,1.74
Anton Forsberg,forsban01,/players/g/granlmi01.html,Edmonton Oilers,5,1,3,1,14,180,166,.922,2.85
Anton Forsberg,forsban01,/players/g/granlmi01.html,Florida Panthers,5,1,2,1,14,203,189,.931,3.02
Anton Forsberg,forsban01,/players/g/granlmi01.html,Los Angeles Kings,6,1,3,0,14,135,121,.896,2.94
Anton Forsberg,forsban01,/players/g/granlmi01.html,Minnesota Wild,6,2,4,0,14,187,173,.925,2.33
Anton Forsberg,forsban01,/players/g/granlmi01.html,Montreal Canadiens,8,6,0,0,18,237,219,.924,2.62
Anton Forsberg,forsban01,/players/g/granlmi01.html,Nashville Predators,5,2,3,0,12,166,154,.928,2.45
Anton Forsberg,forsban01,/players/g/granlmi01.html,New Jersey Devils,10,3,3,1,25,258,233,.903,3.17
Anton Forsberg,forsban01,/players/g/granlmi01.html,New York Islanders,11,2,8,0,36,311,275,.884,3.57
Anton Forsberg,forsban01,/players/g/granlmi01.html,New York Rangers,4,1,2,0,12,84,72,.857,4.53
Anton Forsberg,forsban01,/players/g/granlmi01.html,Ottawa Senators,2,2,0,0,4,61,57,.934,1.92
Anton Forsberg,forsban01,/players/g/granlmi01.html,Philadelphia Flyers,4,3,0,1,9,122,113,.926,2.24
Anton Forsberg,forsban01,/players/g/granlmi01.html,Pittsburgh Penguins,3,1,0,0,6,41,35,.854,4.60
Anton Forsberg,forsban01,/players/g/granlmi01.html,San Jose Sharks,4,1,0,1,7,104,97,.933,2.36
Anton Forsberg,forsban01,/players/g/granlmi01.html,Seattle Kraken,5,3,1,0,9,127,118,.929,2.10
Anton Forsberg,forsban01,/players/g/granlmi01.html,St. Louis Blues,4,1,2,0,9,78,69,.885,2.88
Anton Forsberg,forsban01,/players/g/granlmi01.html,Tampa Bay Lightning,9,4,4,0,25,228,203,.890,3.18
Anton Forsberg,forsban01,/players/g/granlmi01.html,Toronto Maple Leafs,10,3,4,3,32,355,323,.910,3.18
Anton Forsberg,forsban01,/players/g/granlmi01.html,Utah Hockey Club,1,1,0,0,0,31,31,1.000,0.00
Anton Forsberg,forsban01,/players/g/granlmi01.html,Vancouver Canucks,5,0,4,0,19,90,71,.789,5.08
Anton Forsberg,forsban01,/players/g/granlmi01.html,Vegas Golden Knights,3,1,2,0,10,90,80,.889,3.87
Anton Forsberg,forsban01,/players/g/granlmi01.html,Washington Capitals,9,6,2,0,20,179,159,.888,3.36
Anton Forsberg,forsban01,/players/g/granlmi01.html,Winnipeg Jets,5,2,3,0,16,132,116,.879,3.88
Sam Montembeault,montesa01,/players/g/granlmi01.html,Anaheim Ducks,7,2,5,0,19,179,160,.894,2.89
Sam Montembeault,montesa01,/players/g/granlmi01.html,Arizona Coyotes,4,2,1,0,8,90,82,.911,2.99
Sam Montembeault,montesa01,/players/g/granlmi01.html,Boston Bruins,10,2,6,1,37,299,262,.876,4.16
Sam Montembeault,montesa01,/players/g/granlmi01.html,Buffalo Sabres,10,5,5,0,28,294,266,.905,3.04
Sam Montembeault,montesa01,/players/g/granlmi01.html,Calgary Flames,3,0,2,1,8,92,84,.913,2.69
Sam Montembeault,montesa01,/players/g/granlmi01.html,Carolina Hurricanes,8,1,5,1,23,262,239,.912,3.01
Sam Montembeault,montesa01,/players/g/granlmi01.html,Chicago Blackhawks,4,2,1,1,11,119,108,.908,2.71
Sam Montembeault,montesa01,/players/g/granlmi01.html,Colorado Avalanche,2,1,0,0,3,46,43,.935,1.87
Sam Montembeault,montesa01,/players/g/granlmi01.html,Columbus Blue Jackets,10,5,4,0,29,284,255,.898,3.17
Sam Montembeault,montesa01,/players/g/granlmi01.html,Dallas Stars,5,2,2,1,13,194,181,.933,2.58
Sam Montembeault,montesa01,/players/g/granlmi01.html,Detroit Red Wings,6,3,1,2,17,174,157,.902,2.97
Sam Montembeault,montesa01,/players/g/granlmi01.html,Edmonton Oilers,6,2,2,2,15,176,161,.915,2.62
Sam Montembeault,montesa01,/players/g/granlmi01.html,Florida Panthers,7,1,4,1,30,250,220,.880,4.72
Sam Montembeault,montesa01,/players/g/granlmi01.html,Los Angeles Kings,4,2,2,0,13,126,113,.897,3.43
Sam Montembeault,montesa01,/players/g/granlmi01.html,Minnesota Wild,4,1,2,1,13,113,100,.885,3.23
Sam Montembeault,montesa01,/players/g/granlmi01.html,Montreal Canadiens,1,0,0,0,3,18,15,.833,3.95
Sam Montembeault,montesa01,/players/g/granlmi01.html,Nashville Predators,5,4,1,0,14,168,154,.917,2.76
Sam Montembeault,montesa01,/players/g/granlmi01.html,New Jersey Devils,6,3,2,1,17,178,161,.904,2.81
Sam Montembeault,montesa01,/players/g/granlmi01.html,New York Islanders,10,4,2,3,22,318,296,.931,2.30
Sam Montembeault,montesa01,/players/g/granlmi01.html,New York Rangers,8,4,3,1,30,250,220,.880,4.04
Sam Montembeault,montesa01,/players/g/granlmi01.html,Ottawa Senators,5,2,3,0,15,140,125,.893,3.06
Sam Montembeault,montesa01,/players/g/granlmi01.html,Philadelphia Flyers,3,2,0,0,9,85,76,.894,3.34
Sam Montembeault,montesa01,/players/g/granlmi01.html,Pittsburgh Penguins,7,2,3,1,23,191,168,.880,3.72
Sam Montembeault,montesa01,/players/g/granlmi01.html,San Jose Sharks,4,3,1,0,11,119,108,.908,2.76
Sam Montembeault,montesa01,/players/g/granlmi01.html,Seattle Kraken,4,1,2,1,13,117,104,.889,3.82
Sam Montembeault,montesa01,/players/g/granlmi01.html,St. Louis Blues,3,2,1,0,9,92,83,.902,2.99
Sam Montembeault,montesa01,/players/g/granlmi01.html,Tampa Bay Lightning,8,3,3,1,21,223,202,.906,2.85
Sam Montembeault,montesa01,/players/g/granlmi01.html,Toronto Maple Leafs,10,3,6,0,32,297,265,.892,3.89
Sam Montembeault,montesa01,/players/g/granlmi01.html,Utah Hockey Club,2,1,0,1,6,54,48,.889,2.89
Sam Montembeault,montesa01,/players/g/granlmi01.html,Vancouver Canucks,6,2,3,1,26,172,146,.849,4.50
Sam Montembeault,montesa01,/players/g/granlmi01.html,Vegas Golden Knights,6,1,2,2,18,180,162,.900,3.65
Sam Montembeault,montesa01,/players/g/granlmi01.html,Washington Capitals,6,2,3,0,19,178,159,.893,3.49
Sam Montembeault,montesa01,/players/g/granlmi01.html,Winnipeg Jets,6,1,4,1,20,168,148,.881,3.47
Cayden Primeau,primeca01,/players/g/granlmi01.html,Anaheim Ducks,2,1,0,0,3,22,19,.864,2.26
Cayden Primeau,primeca01,/players/g/granlmi01.html,Arizona Coyotes,2,0,1,0,5,27,22,.815,3.77
Cayden Primeau,primeca01,/players/g/granlmi01.html,Boston Bruins,3,0,2,0,12,64,52,.813,5.65
Cayden Primeau,primeca01,/players/g/granlmi01.html,Buffalo Sabres,2,1,0,0,7,62,55,.887,3.88
Cayden Primeau,primeca01,/players/g/granlmi01.html,Calgary Flames,2,0,2,0,9,61,52,.852,4.53
Cayden Primeau,primeca01,/players/g/granlmi01.html,Carolina Hurricanes,1,0,1,0,4,30,26,.867,4.01
Cayden Primeau,primeca01,/players/g/granlmi01.html,Chicago Blackhawks,1,1,0,0,2,21,19,.905,2.00
Cayden Primeau,primeca01,/players/g/granlmi01.html,Colorado Avalanche,2,0,1,1,6,81,75,.926,3.02
Cayden Primeau,primeca01,/players/g/granlmi01.html,Columbus Blue Jackets,3,2,1,0,5,93,88,.946,1.77
Cayden Primeau,primeca01,/players/g/granlmi01.html,Detroit Red Wings,3,1,1,1,11,90,79,.878,3.49
Cayden Primeau,primeca01,/players/g/granlmi01.html,Edmonton Oilers,2,0,0,1,5,30,25,.833,3.73
Cayden Primeau,primeca01,/players/g/granlmi01.html,Florida Panthers,2,0,1,0,6,36,30,.833,4.50
Cayden Primeau,primeca01,/players/g/granlmi01.html,Minnesota Wild,1,0,1,0,5,32,27,.844,7.50
Cayden Primeau,primeca01,/players/g/granlmi01.html,New Jersey Devils,2,0,2,0,11,67,56,.836,5.60
Cayden Primeau,primeca01,/players/g/granlmi01.html,New York Islanders,1,0,0,1,3,36,33,.917,2.77
Cayden Primeau,primeca01,/players/g/granlmi01.html,New York Rangers,3,0,2,0,10,114,104,.912,3.58
Cayden Primeau,primeca01,/players/g/granlmi01.html,Ottawa Senators,4,2,1,1,13,140,127,.907,3.15
Cayden Primeau,primeca01,/players/g/granlmi01.html,Philadelphia Flyers,5,3,1,1,10,160,150,.938,1.95
Cayden Primeau,primeca01,/players/g/granlmi01.html,Pittsburgh Penguins,3,0,2,0,11,64,53,.828,5.97
Cayden Primeau,primeca01,/players/g/granlmi01.html,San Jose Sharks,1,1,0,0,2,33,31,.939,1.85
Cayden Primeau,primeca01,/players/g/granlmi01.html,Seattle Kraken,2,1,0,0,4,50,46,.920,2.46
Cayden Primeau,primeca01,/players/g/granlmi01.html,Tampa Bay Lightning,2,0,1,1,9,63,54,.857,4.42
Cayden Primeau,primeca01,/players/g/granlmi01.html,Toronto Maple Leafs,2,0,1,0,4,33,29,.879,4.83
Cayden Primeau,primeca01,/players/g/granlmi01.html,Vegas Golden Knights,2,0,1,0,7,45,38,.844,5.31
Cayden Primeau,primeca01,/players/g/granlmi01.html,Washington Capitals,2,0,2,0,10,48,38,.792,7.03
Jakub Dobes,dobesja01,/players/g/granlmi01.html,Buffalo Sabres,1,1,0,0,2,25,23,.920,2.00
Jakub Dobes,dobesja01,/players/g/granlmi01.html,Colorado Avalanche,1,1,0,0,1,23,22,.957,0.92
Jakub Dobes,dobesja01,/players/g/granlmi01.html,Dallas Stars,1,1,0,0,1,33,32,.970,1.00
Jakub Dobes,dobesja01,/players/g/granlmi01.html,Florida Panthers,1,1,0,0,0,34,34,1.000,0.00
Jakub Dobes,dobesja01,/players/g/granlmi01.html,Los Angeles Kings,1,0,1,0,5,36,31,.861,5.03
Jakub Dobes,dobesja01,/players/g/granlmi01.html,Minnesota Wild,1,0,1,0,3,26,23,.885,3.20
Jakub Dobes,dobesja01,/players/g/granlmi01.html,New Jersey Devils,1,0,0,1,4,44,40,.909,3.74
Jakub Dobes,dobesja01,/players/g/granlmi01.html,New York Rangers,1,1,0,0,4,28,24,.857,3.79
Jakub Dobes,dobesja01,/players/g/granlmi01.html,Tampa Bay Lightning,1,0,0,0,3,8,5,.625,8.54
Jakub Dobes,dobesja01,/players/g/granlmi01.html,Washington Capitals,1,1,0,0,2,17,15,.882,1.96
Joonas Korpisalo,korpijo01,/players/g/granlmi01.html,Anaheim Ducks,6,3,2,1,18,151,133,.881,2.98
Joonas Korpisalo,korpijo01,/players/g/granlmi01.html,Arizona Coyotes,3,1,2,0,9,97,88,.907,3.05
Joonas Korpisalo,korpijo01,/players/g/granlmi01.html,Boston Bruins,8,2,1,4,25,219,194,.886,3.28
Joonas Korpisalo,korpijo01,/players/g/granlmi01.html,Buffalo Sabres,11,6,3,0,29,279,250,.896,3.10
Joonas Korpisalo,korpijo01,/players/g/granlmi01.html,Calgary Flames,11,3,4,2,24,302,278,.921,2.63
Joonas Korpisalo,korpijo01,/players/g/granlmi01.html,Carolina Hurricanes,19,7,7,3,61,553,492,.890,3.39
Joonas Korpisalo,korpijo01,/players/g/granlmi01.html,Chicago Blackhawks,12,3,4,3,34,329,295,.897,2.89
Joonas Korpisalo,korpijo01,/players/g/granlmi01.html,Colorado Avalanche,8,5,3,0,28,263,235,.894,3.50
Joonas Korpisalo,korpijo01,/players/g/granlmi01.html,Columbus Blue Jackets,2,0,2,0,10,56,46,.821,5.09
Joonas Korpisalo,korpijo01,/players/g/granlmi01.html,Dallas Stars,10,5,4,1,27,272,245,.901,3.08
Joonas Korpisalo,korpijo01,/players/g/granlmi01.html,Detroit Red Wings,15,10,4,0,44,426,382,.897,3.08
Joonas Korpisalo,korpijo01,/players/g/granlmi01.html,Edmonton Oilers,12,4,5,0,33,316,283,.896,3.52
Joonas Korpisalo,korpijo01,/players/g/granlmi01.html,Florida Panthers,16,3,8,2,55,495,440,.889,3.98
Joonas Korpisalo,korpijo01,/players/g/granlmi01.html,Los Angeles Kings,4,1,2,1,14,132,118,.894,3.48
Joonas Korpisalo,korpijo01,/players/g/granlmi01.html,Minnesota Wild,3,0,3,0,9,59,50,.847,3.65
Joonas Korpisalo,korpijo01,/players/g/granlmi01.html,Montreal Canadiens,10,8,2,0,25,299,274,.916,2.49
Joonas Korpisalo,korpijo01,/players/g/granlmi01.html,Nashville Predators,11,2,7,0,27,320,293,.916,2.78
Joonas Korpisalo,korpijo01,/players/g/granlmi01.html,New Jersey Devils,11,6,4,0,23,270,247,.915,2.29
Joonas Korpisalo,korpijo01,/players/g/granlmi01.html,New York Islanders,16,6,5,4,44,505,461,.913,2.87
Joonas Korpisalo,korpijo01,/players/g/granlmi01.html,New York Rangers,10,3,6,1,33,258,225,.872,3.47
Joonas Korpisalo,korpijo01,/players/g/granlmi01.html,Ottawa Senators,9,6,2,1,18,245,227,.927,2.19
Joonas Korpisalo,korpijo01,/players/g/granlmi01.html,Philadelphia Flyers,7,4,3,0,16,191,175,.916,2.45
Joonas Korpisalo,korpijo01,/players/g/granlmi01.html,Pittsburgh Penguins,10,4,5,1,27,341,314,.921,2.70
Joonas Korpisalo,korpijo01,/players/g/granlmi01.html,San Jose Sharks,4,3,1,0,12,92,80,.870,3.04
Joonas Korpisalo,korpijo01,/players/g/granlmi01.html,Seattle Kraken,2,0,2,0,7,47,40,.851,3.61
Joonas Korpisalo,korpijo01,/players/g/granlmi01.html,St. Louis Blues,9,4,4,1,30,265,235,.887,3.62
Joonas Korpisalo,korpijo01,/players/g/granlmi01.html,Tampa Bay Lightning,13,3,5,1,40,325,285,.877,3.97
Joonas Korpisalo,korpijo01,/players/g/granlmi01.html,Toronto Maple Leafs,12,8,4,0,34,408,374,.917,2.83
Joonas Korpisalo,korpijo01,/players/g/granlmi01.html,Utah Hockey Club,1,1,0,0,0,22,22,1.000,0.00
Joonas Korpisalo,korpijo01,/players/g/granlmi01.html,Vancouver Canucks,9,4,2,2,22,240,218,.908,2.49
Joonas Korpisalo,korpijo01,/players/g/granlmi01.html,Vegas Golden Knights,4,1,3,0,14,109,95,.872,4.21
Joonas Korpisalo,korpijo01,/players/g/granlmi01.html,Washington Capitals,10,4,2,2,21,256,235,.918,2.39
Joonas Korpisalo,korpijo01,/players/g/granlmi01.html,Winnipeg Jets,8,5,2,1,19,246,227,.923,2.38
Jeremy Swayman,swaymje01,/players/g/granlmi01.html,Anaheim Ducks,2,1,0,1,4,58,54,.931,1.95
Jeremy Swayman,swaymje01,/players/g/granlmi01.html,Arizona Coyotes,4,2,1,1,10,70,60,.857,3.32
Jeremy Swayman,swaymje01,/players/g/granlmi01.html,Buffalo Sabres,9,7,1,1,18,233,215,.923,1.97
Jeremy Swayman,swaymje01,/players/g/granlmi01.html,Calgary Flames,3,1,2,0,11,84,73,.869,3.59
Jeremy Swayman,swaymje01,/players/g/granlmi01.html,Carolina Hurricanes,6,3,3,0,16,143,127,.888,3.33
Jeremy Swayman,swaymje01,/players/g/granlmi01.html,Chicago Blackhawks,4,4,0,0,6,88,82,.932,1.50
Jeremy Swayman,swaymje01,/players/g/granlmi01.html,Colorado Avalanche,4,3,0,1,7,125,118,.944,1.72
Jeremy Swayman,swaymje01,/players/g/granlmi01.html,Columbus Blue Jackets,7,5,1,0,16,171,155,.906,2.46
Jeremy Swayman,swaymje01,/players/g/granlmi01.html,Dallas Stars,6,3,2,0,19,194,175,.902,3.41
Jeremy Swayman,swaymje01,/players/g/granlmi01.html,Detroit Red Wings,9,6,3,0,20,222,202,.910,2.25
Jeremy Swayman,swaymje01,/players/g/granlmi01.html,Edmonton Oilers,5,2,2,1,16,152,136,.895,3.19
Jeremy Swayman,swaymje01,/players/g/granlmi01.html,Florida Panthers,5,2,2,1,18,157,139,.885,3.57
Jeremy Swayman,swaymje01,/players/g/granlmi01.html,Los Angeles Kings,4,4,0,0,5,131,126,.962,1.24
Jeremy Swayman,swaymje01,/players/g/granlmi01.html,Minnesota Wild,4,1,3,0,7,121,114,.942,1.78
Jeremy Swayman,swaymje01,/players/g/granlmi01.html,Montreal Canadiens,10,9,0,1,27,271,244,.900,2.69
Jeremy Swayman,swaymje01,/players/g/granlmi01.html,Nashville Predators,4,3,1,0,5,147,142,.966,1.26
Jeremy Swayman,swaymje01,/players/g/granlmi01.html,New Jersey Devils,4,2,1,1,8,123,115,.935,2.16
Jeremy Swayman,swaymje01,/players/g/granlmi01.html,New York Islanders,2,1,1,0,2,45,43,.956,1.02
Jeremy Swayman,swaymje01,/players/g/granlmi01.html,New York Rangers,8,3,3,2,16,226,210,.929,2.00
Jeremy Swayman,swaymje01,/players/g/granlmi01.html,Ottawa Senators,9,4,2,3,25,284,259,.912,2.93
Jeremy Swayman,swaymje01,/players/g/granlmi01.html,Philadelphia Flyers,7,5,2,0,21,210,189,.900,3.00
Jeremy Swayman,swaymje01,/players/g/granlmi01.html,Pittsburgh Penguins,8,2,5,0,19,207,188,.908,2.68
Jeremy Swayman,swaymje01,/players/g/granlmi01.html,San Jose Sharks,3,2,0,0,1,43,42,.977,0.49
Jeremy Swayman,swaymje01,/players/g/granlmi01.html,Seattle Kraken,3,2,1,0,8,89,81,.910,2.71
Jeremy Swayman,swaymje01,/players/g/granlmi01.html,St. Louis Blues,5,3,2,0,15,118,103,.873,3.01
Jeremy Swayman,swaymje01,/players/g/granlmi01.html,Tampa Bay Lightning,6,3,1,2,16,199,183,.920,2.66
Jeremy Swayman,swaymje01,/players/g/granlmi01.html,Toronto Maple Leafs,10,5,4,1,30,285,255,.895,3.05
Jeremy Swayman,swaymje01,/players/g/granlmi01.html,Utah Hockey Club,1,0,0,1,2,32,30,.938,1.92
Jeremy Swayman,swaymje01,/players/g/granlmi01.html,Vancouver Canucks,4,1,1,2,6,105,99,.943,1.47
Jeremy Swayman,swaymje01,/players/g/granlmi01.html,Vegas Golden Knights,6,2,2,2,19,184,165,.897,3.15
Jeremy Swayman,swaymje01,/players/g/granlmi01.html,Washington Capitals,9,3,5,0,14,203,189,.931,1.73
Jeremy Swayman,swaymje01,/players/g/granlmi01.html,Winnipeg Jets,5,3,2,0,16,152,136,.895,3.20
Ukko-Pekka Luukkonen,luukkuk01,/players/g/granlmi01.html,Anaheim Ducks,6,3,3,0,16,151,135,.894,2.68
Ukko-Pekka Luukkonen,luukkuk01,/players/g/granlmi01.html,Arizona Coyotes,1,0,1,0,2,22,20,.909,2.11
Ukko-Pekka Luukkonen,luukkuk01,/players/g/granlmi01.html,Boston Bruins,9,3,4,1,32,295,263,.892,3.96
Ukko-Pekka Luukkonen,luukkuk01,/players/g/granlmi01.html,Calgary Flames,4,2,2,0,13,123,110,.894,3.20
Ukko-Pekka Luukkonen,luukkuk01,/players/g/granlmi01.html,Carolina Hurricanes,5,2,1,1,13,136,123,.904,3.08
Ukko-Pekka Luukkonen,luukkuk01,/players/g/granlmi01.html,Chicago Blackhawks,4,4,0,0,6,99,93,.939,1.50
Ukko-Pekka Luukkonen,luukkuk01,/players/g/granlmi01.html,Colorado Avalanche,6,2,3,1,23,196,173,.883,3.84
Ukko-Pekka Luukkonen,luukkuk01,/players/g/granlmi01.html,Columbus Blue Jackets,4,3,1,0,12,86,74,.860,3.37
Ukko-Pekka Luukkonen,luukkuk01,/players/g/granlmi01.html,Dallas Stars,4,1,3,0,10,116,106,.914,2.55
Ukko-Pekka Luukkonen,luukkuk01,/players/g/granlmi01.html,Detroit Red Wings,6,3,3,0,17,152,135,.888,2.91
Ukko-Pekka Luukkonen,luukkuk01,/players/g/granlmi01.html,Edmonton Oilers,2,1,1,0,10,71,61,.859,4.82
Ukko-Pekka Luukkonen,luukkuk01,/players/g/granlmi01.html,Florida Panthers,4,0,3,1,14,143,129,.902,3.49
Ukko-Pekka Luukkonen,luukkuk01,/players/g/granlmi01.html,Los Angeles Kings,3,2,1,0,2,78,76,.974,0.67
Ukko-Pekka Luukkonen,luukkuk01,/players/g/granlmi01.html,Minnesota Wild,5,3,1,1,12,173,161,.931,2.31
Ukko-Pekka Luukkonen,luukkuk01,/players/g/granlmi01.html,Montreal Canadiens,4,1,2,0,15,98,83,.847,4.54
Ukko-Pekka Luukkonen,luukkuk01,/players/g/granlmi01.html,Nashville Predators,5,2,2,0,13,129,116,.899,3.01
Ukko-Pekka Luukkonen,luukkuk01,/players/g/granlmi01.html,New Jersey Devils,5,2,3,0,17,140,123,.879,3.84
Ukko-Pekka Luukkonen,luukkuk01,/players/g/granlmi01.html,New York Islanders,4,3,1,0,6,114,108,.947,1.52
Ukko-Pekka Luukkonen,luukkuk01,/players/g/granlmi01.html,New York Rangers,8,3,3,2,17,238,221,.929,2.13
Ukko-Pekka Luukkonen,luukkuk01,/players/g/granlmi01.html,Ottawa Senators,5,4,1,0,12,148,136,.919,2.90
Ukko-Pekka Luukkonen,luukkuk01,/players/g/granlmi01.html,Philadelphia Flyers,4,3,1,0,12,135,123,.911,3.00
Ukko-Pekka Luukkonen,luukkuk01,/players/g/granlmi01.html,Pittsburgh Penguins,6,2,3,1,19,204,185,.907,3.21
Ukko-Pekka Luukkonen,luukkuk01,/players/g/granlmi01.html,San Jose Sharks,5,4,1,0,10,139,129,.928,2.02
Ukko-Pekka Luukkonen,luukkuk01,/players/g/granlmi01.html,Seattle Kraken,2,1,1,0,7,62,55,.887,3.54
Ukko-Pekka Luukkonen,luukkuk01,/players/g/granlmi01.html,St. Louis Blues,5,3,2,0,16,147,131,.891,3.28
Ukko-Pekka Luukkonen,luukkuk01,/players/g/granlmi01.html,Tampa Bay Lightning,4,1,2,1,12,72,60,.833,3.54
Ukko-Pekka Luukkonen,luukkuk01,/players/g/granlmi01.html,Toronto Maple Leafs,5,0,4,1,18,95,77,.811,4.97
Ukko-Pekka Luukkonen,luukkuk01,/players/g/granlmi01.html,Utah Hockey Club,1,0,1,0,5,28,23,.821,5.00
Ukko-Pekka Luukkonen,luukkuk01,/players/g/granlmi01.html,Vancouver Canucks,3,1,1,1,7,79,72,.911,2.31
Ukko-Pekka Luukkonen,luukkuk01,/players/g/granlmi01.html,Vegas Golden Knights,2,2,0,0,4,67,63,.940,2.00
Ukko-Pekka Luukkonen,luukkuk01,/players/g/granlmi01.html,Washington Capitals,8,5,1,2,24,251,227,.904,2.91
Ukko-Pekka Luukkonen,luukkuk01,/players/g/granlmi01.html,Winnipeg Jets,4,1,2,1,11,126,115,.913,2.73
Devon Levi,NA,/players/g/granlmi01.html,Arizona Coyotes,1,1,0,0,2,23,21,.913,2.00
Devon Levi,NA,/players/g/granlmi01.html,Boston Bruins,3,1,2,0,10,75,65,.867,3.94
Devon Levi,NA,/players/g/granlmi01.html,Calgary Flames,1,0,1,0,4,36,32,.889,4.07
Devon Levi,NA,/players/g/granlmi01.html,Carolina Hurricanes,1,1,0,0,3,34,31,.912,3.00
Devon Levi,NA,/players/g/granlmi01.html,Columbus Blue Jackets,3,1,1,0,12,74,62,.838,4.97
Devon Levi,NA,/players/g/granlmi01.html,Detroit Red Wings,1,1,0,0,6,32,26,.813,5.54
Devon Levi,NA,/players/g/granlmi01.html,Florida Panthers,2,1,1,0,4,61,57,.934,2.01
Devon Levi,NA,/players/g/granlmi01.html,Los Angeles Kings,1,1,0,0,3,40,37,.925,3.00
Devon Levi,NA,/players/g/granlmi01.html,Minnesota Wild,1,1,0,0,2,35,33,.943,2.00
Devon Levi,NA,/players/g/granlmi01.html,Montreal Canadiens,3,1,1,1,5,68,63,.926,2.09
Devon Levi,NA,/players/g/granlmi01.html,New Jersey Devils,4,1,2,0,12,115,103,.896,3.36
Devon Levi,NA,/players/g/granlmi01.html,New York Islanders,2,0,2,0,7,65,58,.892,3.63
Devon Levi,NA,/players/g/granlmi01.html,New York Rangers,3,2,1,0,8,91,83,.912,2.58
Devon Levi,NA,/players/g/granlmi01.html,Ottawa Senators,2,0,1,0,5,62,57,.919,2.77
Devon Levi,NA,/players/g/granlmi01.html,Philadelphia Flyers,1,0,1,0,4,31,27,.871,4.36
Devon Levi,NA,/players/g/granlmi01.html,Seattle Kraken,2,0,2,0,10,59,49,.831,5.09
Devon Levi,NA,/players/g/granlmi01.html,St. Louis Blues,1,1,0,0,3,27,24,.889,2.97
Devon Levi,NA,/players/g/granlmi01.html,Tampa Bay Lightning,1,1,0,0,2,25,23,.920,1.94
Devon Levi,NA,/players/g/granlmi01.html,Toronto Maple Leafs,3,2,1,0,11,95,84,.884,3.71
Devon Levi,NA,/players/g/granlmi01.html,Vancouver Canucks,1,0,1,0,2,33,31,.939,2.06
Devon Levi,NA,/players/g/granlmi01.html,Vegas Golden Knights,1,1,0,0,2,35,33,.943,2.00
Devon Levi,NA,/players/g/granlmi01.html,Washington Capitals,1,0,0,1,4,30,26,.867,3.72
James Reimer,reimeja01,/players/g/granlmi01.html,Anaheim Ducks,10,4,2,3,20,258,238,.922,2.14
James Reimer,reimeja01,/players/g/granlmi01.html,Arizona Coyotes,14,9,4,0,35,388,353,.910,2.61
James Reimer,reimeja01,/players/g/granlmi01.html,Boston Bruins,28,9,14,3,64,844,780,.924,2.57
James Reimer,reimeja01,/players/g/granlmi01.html,Buffalo Sabres,21,14,4,2,59,642,583,.908,2.97
James Reimer,reimeja01,/players/g/granlmi01.html,Calgary Flames,11,6,5,0,31,358,327,.913,2.87
James Reimer,reimeja01,/players/g/granlmi01.html,Carolina Hurricanes,22,6,10,4,51,646,595,.921,2.51
James Reimer,reimeja01,/players/g/granlmi01.html,Chicago Blackhawks,16,8,5,3,52,501,449,.896,3.27
James Reimer,reimeja01,/players/g/granlmi01.html,Colorado Avalanche,12,6,2,1,25,310,285,.919,2.40
James Reimer,reimeja01,/players/g/granlmi01.html,Columbus Blue Jackets,18,7,8,3,55,538,483,.898,3.29
James Reimer,reimeja01,/players/g/granlmi01.html,Dallas Stars,17,9,4,1,39,463,424,.916,2.68
James Reimer,reimeja01,/players/g/granlmi01.html,Detroit Red Wings,20,6,8,4,50,527,477,.905,2.70
James Reimer,reimeja01,/players/g/granlmi01.html,Edmonton Oilers,20,7,6,6,65,650,585,.900,3.24
James Reimer,reimeja01,/players/g/granlmi01.html,Florida Panthers,15,4,6,3,45,443,398,.898,3.24
James Reimer,reimeja01,/players/g/granlmi01.html,Los Angeles Kings,13,5,5,2,29,429,400,.932,2.31
James Reimer,reimeja01,/players/g/granlmi01.html,Minnesota Wild,16,8,6,1,40,460,420,.913,2.69
James Reimer,reimeja01,/players/g/granlmi01.html,Montreal Canadiens,21,8,7,4,56,594,538,.906,3.04
James Reimer,reimeja01,/players/g/granlmi01.html,Nashville Predators,13,7,4,0,31,366,335,.915,2.62
James Reimer,reimeja01,/players/g/granlmi01.html,New Jersey Devils,19,8,7,4,51,558,507,.909,2.77
James Reimer,reimeja01,/players/g/granlmi01.html,New York Islanders,18,9,4,2,43,495,452,.913,2.78
James Reimer,reimeja01,/players/g/granlmi01.html,New York Rangers,14,6,5,1,39,400,361,.903,3.21
James Reimer,reimeja01,/players/g/granlmi01.html,Ottawa Senators,30,17,6,4,71,939,868,.924,2.56
James Reimer,reimeja01,/players/g/granlmi01.html,Philadelphia Flyers,17,9,4,3,38,458,420,.917,2.51
James Reimer,reimeja01,/players/g/granlmi01.html,Pittsburgh Penguins,12,4,5,2,33,330,297,.900,3.23
James Reimer,reimeja01,/players/g/granlmi01.html,San Jose Sharks,9,3,6,0,24,280,256,.914,3.02
James Reimer,reimeja01,/players/g/granlmi01.html,Seattle Kraken,4,2,1,1,5,127,122,.961,1.25
James Reimer,reimeja01,/players/g/granlmi01.html,St. Louis Blues,9,2,5,0,30,267,237,.888,3.82
James Reimer,reimeja01,/players/g/granlmi01.html,Tampa Bay Lightning,25,7,12,4,72,691,619,.896,3.28
James Reimer,reimeja01,/players/g/granlmi01.html,Toronto Maple Leafs,10,3,2,0,25,184,159,.864,4.15
James Reimer,reimeja01,/players/g/granlmi01.html,Vancouver Canucks,12,5,6,1,43,353,310,.878,3.72
James Reimer,reimeja01,/players/g/granlmi01.html,Vegas Golden Knights,13,6,6,0,39,421,382,.907,3.17
James Reimer,reimeja01,/players/g/granlmi01.html,Washington Capitals,13,6,4,2,29,435,406,.933,2.26
James Reimer,reimeja01,/players/g/granlmi01.html,Winnipeg Jets,22,7,11,1,65,680,615,.904,3.33
Logan Thompson,thomplo01,/players/g/granlmi01.html,Anaheim Ducks,5,2,2,1,8,118,110,.932,1.66
Logan Thompson,thomplo01,/players/g/granlmi01.html,Arizona Coyotes,5,2,3,0,13,119,106,.891,2.63
Logan Thompson,thomplo01,/players/g/granlmi01.html,Boston Bruins,4,3,1,0,8,130,122,.938,1.98
Logan Thompson,thomplo01,/players/g/granlmi01.html,Buffalo Sabres,4,2,2,0,17,117,100,.855,4.28
Logan Thompson,thomplo01,/players/g/granlmi01.html,Calgary Flames,7,4,3,0,17,230,213,.926,2.51
Logan Thompson,thomplo01,/players/g/granlmi01.html,Carolina Hurricanes,1,0,1,0,6,29,23,.793,8.05
Logan Thompson,thomplo01,/players/g/granlmi01.html,Chicago Blackhawks,6,4,1,1,12,172,160,.930,1.97
Logan Thompson,thomplo01,/players/g/granlmi01.html,Colorado Avalanche,3,1,2,0,7,81,74,.914,2.40
Logan Thompson,thomplo01,/players/g/granlmi01.html,Columbus Blue Jackets,4,2,1,0,10,110,100,.909,3.02
Logan Thompson,thomplo01,/players/g/granlmi01.html,Dallas Stars,3,1,1,1,6,85,79,.929,2.00
Logan Thompson,thomplo01,/players/g/granlmi01.html,Detroit Red Wings,1,0,1,0,4,28,24,.857,4.10
Logan Thompson,thomplo01,/players/g/granlmi01.html,Edmonton Oilers,4,1,2,1,14,139,125,.899,3.45
Logan Thompson,thomplo01,/players/g/granlmi01.html,Florida Panthers,4,3,1,0,11,126,115,.913,2.76
Logan Thompson,thomplo01,/players/g/granlmi01.html,Los Angeles Kings,7,5,2,0,16,212,196,.925,2.38
Logan Thompson,thomplo01,/players/g/granlmi01.html,Minnesota Wild,5,3,1,0,6,121,115,.950,1.57
Logan Thompson,thomplo01,/players/g/granlmi01.html,Montreal Canadiens,2,1,0,1,5,45,40,.889,3.04
Logan Thompson,thomplo01,/players/g/granlmi01.html,Nashville Predators,6,5,1,0,12,202,190,.941,2.02
Logan Thompson,thomplo01,/players/g/granlmi01.html,New Jersey Devils,4,2,0,2,15,126,111,.881,3.60
Logan Thompson,thomplo01,/players/g/granlmi01.html,New York Islanders,4,2,1,1,11,115,104,.904,2.70
Logan Thompson,thomplo01,/players/g/granlmi01.html,New York Rangers,4,3,1,0,13,119,106,.891,3.26
Logan Thompson,thomplo01,/players/g/granlmi01.html,Ottawa Senators,6,5,0,1,14,202,188,.931,2.30
Logan Thompson,thomplo01,/players/g/granlmi01.html,Philadelphia Flyers,3,2,0,1,9,95,86,.905,2.99
Logan Thompson,thomplo01,/players/g/granlmi01.html,Pittsburgh Penguins,4,3,1,0,10,123,113,.919,2.52
Logan Thompson,thomplo01,/players/g/granlmi01.html,San Jose Sharks,6,3,1,2,11,175,164,.937,1.81
Logan Thompson,thomplo01,/players/g/granlmi01.html,Seattle Kraken,4,3,1,0,6,99,93,.939,1.52
Logan Thompson,thomplo01,/players/g/granlmi01.html,St. Louis Blues,6,5,0,1,15,160,145,.906,2.46
Logan Thompson,thomplo01,/players/g/granlmi01.html,Tampa Bay Lightning,1,0,1,0,2,18,16,.889,2.04
Logan Thompson,thomplo01,/players/g/granlmi01.html,Toronto Maple Leafs,5,3,1,1,14,147,133,.905,2.89
Logan Thompson,thomplo01,/players/g/granlmi01.html,Utah Hockey Club,1,0,0,1,4,27,23,.852,3.72
Logan Thompson,thomplo01,/players/g/granlmi01.html,Vancouver Canucks,6,3,2,0,18,162,144,.889,3.35
Logan Thompson,thomplo01,/players/g/granlmi01.html,Vegas Golden Knights,2,2,0,0,4,68,64,.941,2.01
Logan Thompson,thomplo01,/players/g/granlmi01.html,Washington Capitals,5,4,1,0,9,110,101,.918,1.92
Logan Thompson,thomplo01,/players/g/granlmi01.html,Winnipeg Jets,6,3,1,1,18,176,158,.898,3.27
Charlie Lindgren,lindgch01,/players/g/granlmi01.html,Anaheim Ducks,1,0,1,0,3,20,17,.850,3.11
Charlie Lindgren,lindgch01,/players/g/granlmi01.html,Arizona Coyotes,3,0,2,0,12,81,69,.852,4.44
Charlie Lindgren,lindgch01,/players/g/granlmi01.html,Boston Bruins,5,2,2,1,8,120,112,.933,1.66
Charlie Lindgren,lindgch01,/players/g/granlmi01.html,Buffalo Sabres,6,2,2,1,19,154,135,.877,3.50
Charlie Lindgren,lindgch01,/players/g/granlmi01.html,Calgary Flames,2,1,1,0,4,45,41,.911,2.90
Charlie Lindgren,lindgch01,/players/g/granlmi01.html,Carolina Hurricanes,6,4,2,0,13,171,158,.924,2.41
Charlie Lindgren,lindgch01,/players/g/granlmi01.html,Chicago Blackhawks,4,3,1,0,8,127,119,.937,2.01
Charlie Lindgren,lindgch01,/players/g/granlmi01.html,Colorado Avalanche,3,1,2,0,12,85,73,.859,4.05
Charlie Lindgren,lindgch01,/players/g/granlmi01.html,Columbus Blue Jackets,8,5,1,2,24,263,239,.909,2.94
Charlie Lindgren,lindgch01,/players/g/granlmi01.html,Dallas Stars,8,3,3,2,20,236,216,.915,2.49
Charlie Lindgren,lindgch01,/players/g/granlmi01.html,Detroit Red Wings,8,5,3,0,27,241,214,.888,3.35
Charlie Lindgren,lindgch01,/players/g/granlmi01.html,Edmonton Oilers,4,3,1,0,14,119,105,.882,3.51
Charlie Lindgren,lindgch01,/players/g/granlmi01.html,Florida Panthers,6,2,3,1,15,163,148,.908,2.93
Charlie Lindgren,lindgch01,/players/g/granlmi01.html,Los Angeles Kings,1,1,0,0,1,39,38,.974,1.00
Charlie Lindgren,lindgch01,/players/g/granlmi01.html,Minnesota Wild,4,0,3,1,13,128,115,.898,3.30
Charlie Lindgren,lindgch01,/players/g/granlmi01.html,Montreal Canadiens,5,3,1,0,9,89,80,.899,2.51
Charlie Lindgren,lindgch01,/players/g/granlmi01.html,Nashville Predators,2,0,2,0,6,44,38,.864,3.10
Charlie Lindgren,lindgch01,/players/g/granlmi01.html,New Jersey Devils,9,5,4,0,34,284,250,.880,3.79
Charlie Lindgren,lindgch01,/players/g/granlmi01.html,New York Islanders,2,1,0,0,3,38,35,.921,2.70
Charlie Lindgren,lindgch01,/players/g/granlmi01.html,New York Rangers,3,2,1,0,4,89,85,.955,1.35
Charlie Lindgren,lindgch01,/players/g/granlmi01.html,Ottawa Senators,2,0,0,2,8,55,47,.855,3.93
Charlie Lindgren,lindgch01,/players/g/granlmi01.html,Philadelphia Flyers,7,5,0,2,11,186,175,.941,1.54
Charlie Lindgren,lindgch01,/players/g/granlmi01.html,Pittsburgh Penguins,4,1,3,0,10,128,118,.922,2.54
Charlie Lindgren,lindgch01,/players/g/granlmi01.html,San Jose Sharks,1,0,1,0,3,32,29,.906,3.07
Charlie Lindgren,lindgch01,/players/g/granlmi01.html,Seattle Kraken,3,3,0,0,2,72,70,.972,0.67
Charlie Lindgren,lindgch01,/players/g/granlmi01.html,St. Louis Blues,4,1,2,1,13,91,78,.857,3.22
Charlie Lindgren,lindgch01,/players/g/granlmi01.html,Tampa Bay Lightning,6,3,1,1,14,160,146,.913,2.41
Charlie Lindgren,lindgch01,/players/g/granlmi01.html,Toronto Maple Leafs,9,3,5,0,33,305,272,.892,3.99
Charlie Lindgren,lindgch01,/players/g/granlmi01.html,Utah Hockey Club,1,1,0,0,2,26,24,.923,2.00
Charlie Lindgren,lindgch01,/players/g/granlmi01.html,Vancouver Canucks,2,1,1,0,3,47,44,.936,1.51
Charlie Lindgren,lindgch01,/players/g/granlmi01.html,Vegas Golden Knights,4,2,0,1,7,106,99,.934,2.01
Charlie Lindgren,lindgch01,/players/g/granlmi01.html,Winnipeg Jets,4,3,1,0,6,113,107,.947,1.51
Pyotr Kochetkov,kochepy01,/players/g/granlmi01.html,Anaheim Ducks,3,0,0,2,10,63,53,.841,3.84
Pyotr Kochetkov,kochepy01,/players/g/granlmi01.html,Arizona Coyotes,2,1,1,0,4,57,53,.930,2.05
Pyotr Kochetkov,kochepy01,/players/g/granlmi01.html,Boston Bruins,3,2,0,1,6,79,73,.924,1.97
Pyotr Kochetkov,kochepy01,/players/g/granlmi01.html,Buffalo Sabres,2,2,0,0,4,37,33,.892,2.00
Pyotr Kochetkov,kochepy01,/players/g/granlmi01.html,Calgary Flames,3,2,1,0,6,75,69,.920,1.99
Pyotr Kochetkov,kochepy01,/players/g/granlmi01.html,Chicago Blackhawks,3,3,0,0,4,63,59,.937,1.33
Pyotr Kochetkov,kochepy01,/players/g/granlmi01.html,Colorado Avalanche,3,2,1,0,11,64,53,.828,4.23
Pyotr Kochetkov,kochepy01,/players/g/granlmi01.html,Columbus Blue Jackets,3,1,0,1,9,82,73,.890,2.89
Pyotr Kochetkov,kochepy01,/players/g/granlmi01.html,Dallas Stars,3,1,2,0,6,61,55,.902,2.06
Pyotr Kochetkov,kochepy01,/players/g/granlmi01.html,Detroit Red Wings,2,2,0,0,1,53,52,.981,0.50
Pyotr Kochetkov,kochepy01,/players/g/granlmi01.html,Edmonton Oilers,3,1,1,0,7,43,36,.837,3.97
Pyotr Kochetkov,kochepy01,/players/g/granlmi01.html,Florida Panthers,2,2,0,0,1,71,70,.986,0.50
Pyotr Kochetkov,kochepy01,/players/g/granlmi01.html,Los Angeles Kings,1,1,0,0,2,33,31,.939,2.01
Pyotr Kochetkov,kochepy01,/players/g/granlmi01.html,Minnesota Wild,3,1,1,1,7,77,70,.909,2.32
Pyotr Kochetkov,kochepy01,/players/g/granlmi01.html,Montreal Canadiens,1,1,0,0,0,26,26,1.000,0.00
Pyotr Kochetkov,kochepy01,/players/g/granlmi01.html,Nashville Predators,2,1,1,0,6,61,55,.902,3.04
Pyotr Kochetkov,kochepy01,/players/g/granlmi01.html,New Jersey Devils,8,5,3,0,18,210,192,.914,2.25
Pyotr Kochetkov,kochepy01,/players/g/granlmi01.html,New York Islanders,8,4,2,2,19,183,164,.896,2.57
Pyotr Kochetkov,kochepy01,/players/g/granlmi01.html,New York Rangers,5,3,2,0,10,140,130,.929,2.02
Pyotr Kochetkov,kochepy01,/players/g/granlmi01.html,Ottawa Senators,2,1,1,0,3,53,50,.943,1.53
Pyotr Kochetkov,kochepy01,/players/g/granlmi01.html,Philadelphia Flyers,5,4,1,0,9,107,98,.916,1.81
Pyotr Kochetkov,kochepy01,/players/g/granlmi01.html,Pittsburgh Penguins,5,3,1,1,8,138,130,.942,1.57
Pyotr Kochetkov,kochepy01,/players/g/granlmi01.html,San Jose Sharks,1,1,0,0,2,23,21,.913,2.02
Pyotr Kochetkov,kochepy01,/players/g/granlmi01.html,Seattle Kraken,3,1,2,0,8,62,54,.871,3.12
Pyotr Kochetkov,kochepy01,/players/g/granlmi01.html,St. Louis Blues,3,2,1,0,6,60,54,.900,2.61
Pyotr Kochetkov,kochepy01,/players/g/granlmi01.html,Tampa Bay Lightning,4,1,3,0,9,98,89,.908,2.29
Pyotr Kochetkov,kochepy01,/players/g/granlmi01.html,Toronto Maple Leafs,6,4,2,0,21,189,168,.889,3.52
Pyotr Kochetkov,kochepy01,/players/g/granlmi01.html,Utah Hockey Club,2,1,1,0,6,57,51,.895,3.37
Pyotr Kochetkov,kochepy01,/players/g/granlmi01.html,Vancouver Canucks,3,1,1,1,9,78,69,.885,2.94
Pyotr Kochetkov,kochepy01,/players/g/granlmi01.html,Vegas Golden Knights,3,3,0,0,7,96,89,.927,2.33
Pyotr Kochetkov,kochepy01,/players/g/granlmi01.html,Washington Capitals,6,3,1,2,16,122,106,.869,2.62
Pyotr Kochetkov,kochepy01,/players/g/granlmi01.html,Winnipeg Jets,3,0,2,1,11,84,73,.869,3.74
Frederik Andersen,anderfr01,/players/g/granlmi01.html,Anaheim Ducks,7,4,2,0,14,183,169,.923,2.16
Frederik Andersen,anderfr01,/players/g/granlmi01.html,Arizona Coyotes,17,9,3,4,30,475,445,.937,1.77
Frederik Andersen,anderfr01,/players/g/granlmi01.html,Boston Bruins,21,16,4,1,45,691,646,.935,2.15
Frederik Andersen,anderfr01,/players/g/granlmi01.html,Buffalo Sabres,18,12,5,0,44,500,456,.912,2.55
Frederik Andersen,anderfr01,/players/g/granlmi01.html,Calgary Flames,19,12,3,2,45,519,474,.913,2.48
Frederik Andersen,anderfr01,/players/g/granlmi01.html,Carolina Hurricanes,12,7,4,0,39,435,396,.910,3.44
Frederik Andersen,anderfr01,/players/g/granlmi01.html,Chicago Blackhawks,12,5,3,3,36,334,298,.892,3.30
Frederik Andersen,anderfr01,/players/g/granlmi01.html,Colorado Avalanche,9,4,5,0,25,283,258,.912,2.83
Frederik Andersen,anderfr01,/players/g/granlmi01.html,Columbus Blue Jackets,19,13,3,3,44,566,522,.922,2.38
Frederik Andersen,anderfr01,/players/g/granlmi01.html,Dallas Stars,14,5,5,1,37,307,270,.879,3.17
Frederik Andersen,anderfr01,/players/g/granlmi01.html,Detroit Red Wings,13,11,1,1,29,381,352,.924,2.22
Frederik Andersen,anderfr01,/players/g/granlmi01.html,Edmonton Oilers,24,18,3,2,53,708,655,.925,2.27
Frederik Andersen,anderfr01,/players/g/granlmi01.html,Florida Panthers,21,12,4,3,51,574,523,.911,2.72
Frederik Andersen,anderfr01,/players/g/granlmi01.html,Los Angeles Kings,18,12,2,3,43,538,495,.920,2.46
Frederik Andersen,anderfr01,/players/g/granlmi01.html,Minnesota Wild,13,7,6,0,31,364,333,.915,2.43
Frederik Andersen,anderfr01,/players/g/granlmi01.html,Montreal Canadiens,21,14,5,2,49,643,594,.924,2.36
Frederik Andersen,anderfr01,/players/g/granlmi01.html,Nashville Predators,15,11,3,0,32,444,412,.928,2.30
Frederik Andersen,anderfr01,/players/g/granlmi01.html,New Jersey Devils,9,7,2,0,19,288,269,.934,2.11
Frederik Andersen,anderfr01,/players/g/granlmi01.html,New York Islanders,15,10,4,1,40,418,378,.904,2.78
Frederik Andersen,anderfr01,/players/g/granlmi01.html,New York Rangers,19,10,6,3,48,520,472,.908,2.64
Frederik Andersen,anderfr01,/players/g/granlmi01.html,Ottawa Senators,22,11,7,4,70,656,586,.893,3.21
Frederik Andersen,anderfr01,/players/g/granlmi01.html,Philadelphia Flyers,20,13,4,3,60,676,616,.911,2.95
Frederik Andersen,anderfr01,/players/g/granlmi01.html,Pittsburgh Penguins,14,7,5,0,28,403,375,.931,2.24
Frederik Andersen,anderfr01,/players/g/granlmi01.html,San Jose Sharks,18,7,8,1,40,533,493,.925,2.50
Frederik Andersen,anderfr01,/players/g/granlmi01.html,Seattle Kraken,4,3,1,0,6,90,84,.933,1.48
Frederik Andersen,anderfr01,/players/g/granlmi01.html,St. Louis Blues,16,7,6,3,42,525,483,.920,2.65
Frederik Andersen,anderfr01,/players/g/granlmi01.html,Tampa Bay Lightning,21,9,11,1,64,574,510,.889,3.18
Frederik Andersen,anderfr01,/players/g/granlmi01.html,Toronto Maple Leafs,10,3,4,2,26,242,216,.893,2.89
Frederik Andersen,anderfr01,/players/g/granlmi01.html,Vancouver Canucks,23,15,3,5,39,626,587,.938,1.67
Frederik Andersen,anderfr01,/players/g/granlmi01.html,Vegas Golden Knights,9,5,4,0,25,274,249,.909,2.76
Frederik Andersen,anderfr01,/players/g/granlmi01.html,Washington Capitals,15,9,4,2,38,439,401,.913,2.61
Frederik Andersen,anderfr01,/players/g/granlmi01.html,Winnipeg Jets,18,13,2,2,51,520,469,.902,2.90
Yaniv Perets,peretya01,/players/g/granlmi01.html,Florida Panthers,1,0,0,0,1,7,6,.857,7.32
Yaniv Perets,peretya01,/players/g/granlmi01.html,Los Angeles Kings,1,0,0,0,0,1,1,1.000,0.00
Dustin Tokarski,tokardu01,/players/g/granlmi01.html,Anaheim Ducks,1,1,0,0,3,42,39,.929,2.77
Dustin Tokarski,tokardu01,/players/g/granlmi01.html,Arizona Coyotes,2,1,1,0,4,53,49,.925,1.94
Dustin Tokarski,tokardu01,/players/g/granlmi01.html,Boston Bruins,7,1,3,1,19,215,196,.912,3.19
Dustin Tokarski,tokardu01,/players/g/granlmi01.html,Buffalo Sabres,5,2,2,1,11,126,115,.913,2.39
Dustin Tokarski,tokardu01,/players/g/granlmi01.html,Calgary Flames,2,1,1,0,5,47,42,.894,2.92
Dustin Tokarski,tokardu01,/players/g/granlmi01.html,Carolina Hurricanes,1,0,1,0,3,25,22,.880,3.07
Dustin Tokarski,tokardu01,/players/g/granlmi01.html,Chicago Blackhawks,2,2,0,0,7,42,35,.833,3.45
Dustin Tokarski,tokardu01,/players/g/granlmi01.html,Colorado Avalanche,3,0,2,0,9,83,74,.892,3.96
Dustin Tokarski,tokardu01,/players/g/granlmi01.html,Columbus Blue Jackets,4,1,0,1,9,79,70,.886,3.58
Dustin Tokarski,tokardu01,/players/g/granlmi01.html,Dallas Stars,1,0,0,0,0,4,4,1.000,0.00
Dustin Tokarski,tokardu01,/players/g/granlmi01.html,Detroit Red Wings,4,1,1,2,11,132,121,.917,2.74
Dustin Tokarski,tokardu01,/players/g/granlmi01.html,Edmonton Oilers,3,1,1,1,8,91,83,.912,2.66
Dustin Tokarski,tokardu01,/players/g/granlmi01.html,Florida Panthers,5,2,2,0,12,168,156,.929,2.73
Dustin Tokarski,tokardu01,/players/g/granlmi01.html,Los Angeles Kings,4,0,2,1,10,109,99,.908,2.71
Dustin Tokarski,tokardu01,/players/g/granlmi01.html,Montreal Canadiens,1,1,0,0,1,26,25,.962,1.00
Dustin Tokarski,tokardu01,/players/g/granlmi01.html,Nashville Predators,2,0,2,0,7,38,31,.816,4.10
Dustin Tokarski,tokardu01,/players/g/granlmi01.html,New Jersey Devils,4,1,1,2,10,122,112,.918,2.43
Dustin Tokarski,tokardu01,/players/g/granlmi01.html,New York Islanders,3,3,0,0,10,86,76,.884,3.34
Dustin Tokarski,tokardu01,/players/g/granlmi01.html,New York Rangers,5,0,3,1,20,157,137,.873,4.58
Dustin Tokarski,tokardu01,/players/g/granlmi01.html,Ottawa Senators,3,1,2,0,7,98,91,.929,2.38
Dustin Tokarski,tokardu01,/players/g/granlmi01.html,Philadelphia Flyers,1,1,0,0,3,35,32,.914,3.00
Dustin Tokarski,tokardu01,/players/g/granlmi01.html,Pittsburgh Penguins,6,3,3,0,17,214,197,.921,2.85
Dustin Tokarski,tokardu01,/players/g/granlmi01.html,San Jose Sharks,2,0,1,0,5,34,29,.853,4.45
Dustin Tokarski,tokardu01,/players/g/granlmi01.html,Seattle Kraken,2,0,2,0,10,68,58,.853,5.12
Dustin Tokarski,tokardu01,/players/g/granlmi01.html,St. Louis Blues,1,0,1,0,4,22,18,.818,4.01
Dustin Tokarski,tokardu01,/players/g/granlmi01.html,Tampa Bay Lightning,1,0,0,0,3,18,15,.833,9.00
Dustin Tokarski,tokardu01,/players/g/granlmi01.html,Toronto Maple Leafs,1,0,1,0,3,10,7,.700,5.54
Dustin Tokarski,tokardu01,/players/g/granlmi01.html,Vancouver Canucks,2,2,0,0,1,33,32,.970,0.53
Dustin Tokarski,tokardu01,/players/g/granlmi01.html,Washington Capitals,6,2,2,2,18,194,176,.907,2.91
Dustin Tokarski,tokardu01,/players/g/granlmi01.html,Winnipeg Jets,2,0,2,0,9,62,53,.855,4.50
Spencer Martin,martisp01,/players/g/granlmi01.html,Anaheim Ducks,1,1,0,0,5,31,26,.839,5.00
Spencer Martin,martisp01,/players/g/granlmi01.html,Arizona Coyotes,1,1,0,0,2,23,21,.913,1.87
Spencer Martin,martisp01,/players/g/granlmi01.html,Boston Bruins,4,2,2,0,11,116,105,.905,2.78
Spencer Martin,martisp01,/players/g/granlmi01.html,Buffalo Sabres,2,1,0,1,6,64,58,.906,2.88
Spencer Martin,martisp01,/players/g/granlmi01.html,Calgary Flames,3,2,1,0,7,105,98,.933,2.30
Spencer Martin,martisp01,/players/g/granlmi01.html,Chicago Blackhawks,1,1,0,0,3,17,14,.824,3.00
Spencer Martin,martisp01,/players/g/granlmi01.html,Colorado Avalanche,2,1,1,0,8,64,56,.875,4.06
Spencer Martin,martisp01,/players/g/granlmi01.html,Columbus Blue Jackets,4,1,1,2,12,81,69,.852,3.88
Spencer Martin,martisp01,/players/g/granlmi01.html,Dallas Stars,2,1,1,0,8,49,41,.837,4.05
Spencer Martin,martisp01,/players/g/granlmi01.html,Detroit Red Wings,3,0,3,0,14,81,67,.827,4.74
Spencer Martin,martisp01,/players/g/granlmi01.html,Edmonton Oilers,3,0,1,2,8,111,103,.928,2.55
Spencer Martin,martisp01,/players/g/granlmi01.html,Florida Panthers,6,0,3,2,19,176,157,.892,3.48
Spencer Martin,martisp01,/players/g/granlmi01.html,Los Angeles Kings,2,1,1,0,7,75,68,.907,3.38
Spencer Martin,martisp01,/players/g/granlmi01.html,Minnesota Wild,1,0,1,0,3,33,30,.909,3.02
Spencer Martin,martisp01,/players/g/granlmi01.html,Montreal Canadiens,1,0,0,0,4,9,5,.556,14.74
Spencer Martin,martisp01,/players/g/granlmi01.html,New Jersey Devils,1,0,1,0,4,21,17,.810,4.26
Spencer Martin,martisp01,/players/g/granlmi01.html,New York Islanders,3,0,3,0,14,98,84,.857,4.79
Spencer Martin,martisp01,/players/g/granlmi01.html,New York Rangers,3,1,1,0,9,60,51,.850,3.91
Spencer Martin,martisp01,/players/g/granlmi01.html,Ottawa Senators,2,2,0,0,4,65,61,.938,2.01
Spencer Martin,martisp01,/players/g/granlmi01.html,Philadelphia Flyers,1,0,1,0,4,26,22,.846,4.07
Spencer Martin,martisp01,/players/g/granlmi01.html,Pittsburgh Penguins,2,1,1,0,6,71,65,.915,3.05
Spencer Martin,martisp01,/players/g/granlmi01.html,San Jose Sharks,4,2,1,1,15,121,106,.876,3.69
Spencer Martin,martisp01,/players/g/granlmi01.html,Seattle Kraken,3,2,1,0,13,103,90,.874,4.25
Spencer Martin,martisp01,/players/g/granlmi01.html,St. Louis Blues,1,0,1,0,5,27,22,.815,5.00
Spencer Martin,martisp01,/players/g/granlmi01.html,Tampa Bay Lightning,1,0,1,0,4,10,6,.600,16.46
Spencer Martin,martisp01,/players/g/granlmi01.html,Toronto Maple Leafs,2,1,1,0,6,53,47,.887,3.56
Spencer Martin,martisp01,/players/g/granlmi01.html,Utah Hockey Club,1,0,0,0,1,3,2,.667,5.50
Spencer Martin,martisp01,/players/g/granlmi01.html,Vegas Golden Knights,2,2,0,0,2,57,55,.965,1.00
Spencer Martin,martisp01,/players/g/granlmi01.html,Washington Capitals,1,0,1,0,4,27,23,.852,4.19
Spencer Martin,martisp01,/players/g/granlmi01.html,Winnipeg Jets,3,1,2,0,9,75,66,.880,3.50
Jacob Markström,marksja02,/players/g/granlmi01.html,Anaheim Ducks,22,9,8,2,47,548,501,.914,2.37
Jacob Markström,marksja02,/players/g/granlmi01.html,Arizona Coyotes,16,10,3,3,34,471,437,.928,2.10
Jacob Markström,marksja02,/players/g/granlmi01.html,Boston Bruins,14,6,5,1,36,382,346,.906,2.77
Jacob Markström,marksja02,/players/g/granlmi01.html,Buffalo Sabres,13,8,2,2,27,354,327,.924,2.16
Jacob Markström,marksja02,/players/g/granlmi01.html,Calgary Flames,15,5,10,0,49,472,423,.896,3.34
Jacob Markström,marksja02,/players/g/granlmi01.html,Carolina Hurricanes,15,9,5,1,34,438,404,.922,2.36
Jacob Markström,marksja02,/players/g/granlmi01.html,Chicago Blackhawks,20,11,4,4,46,560,514,.918,2.49
Jacob Markström,marksja02,/players/g/granlmi01.html,Colorado Avalanche,13,7,5,1,34,397,363,.914,2.59
Jacob Markström,marksja02,/players/g/granlmi01.html,Columbus Blue Jackets,8,4,3,0,15,220,205,.932,2.13
Jacob Markström,marksja02,/players/g/granlmi01.html,Dallas Stars,16,8,3,3,48,448,400,.893,3.14
Jacob Markström,marksja02,/players/g/granlmi01.html,Detroit Red Wings,10,6,3,1,22,261,239,.916,2.32
Jacob Markström,marksja02,/players/g/granlmi01.html,Edmonton Oilers,34,15,17,2,100,993,893,.899,2.99
Jacob Markström,marksja02,/players/g/granlmi01.html,Florida Panthers,13,6,5,2,31,383,352,.919,2.70
Jacob Markström,marksja02,/players/g/granlmi01.html,Los Angeles Kings,23,13,6,4,63,713,650,.912,2.75
Jacob Markström,marksja02,/players/g/granlmi01.html,Minnesota Wild,13,7,3,2,28,375,347,.925,2.24
Jacob Markström,marksja02,/players/g/granlmi01.html,Montreal Canadiens,20,9,8,3,44,584,540,.925,2.21
Jacob Markström,marksja02,/players/g/granlmi01.html,Nashville Predators,14,5,6,3,40,449,409,.911,2.86
Jacob Markström,marksja02,/players/g/granlmi01.html,New Jersey Devils,15,3,9,3,42,405,363,.896,2.87
Jacob Markström,marksja02,/players/g/granlmi01.html,New York Islanders,15,8,5,2,41,427,386,.904,2.96
Jacob Markström,marksja02,/players/g/granlmi01.html,New York Rangers,19,11,4,3,41,522,481,.921,2.24
Jacob Markström,marksja02,/players/g/granlmi01.html,Ottawa Senators,16,6,7,3,40,450,410,.911,2.49
Jacob Markström,marksja02,/players/g/granlmi01.html,Philadelphia Flyers,13,6,5,1,26,396,370,.934,2.03
Jacob Markström,marksja02,/players/g/granlmi01.html,Pittsburgh Penguins,12,8,4,0,25,373,348,.933,2.08
Jacob Markström,marksja02,/players/g/granlmi01.html,San Jose Sharks,16,6,9,1,47,456,409,.897,3.13
Jacob Markström,marksja02,/players/g/granlmi01.html,Seattle Kraken,8,5,2,0,19,182,163,.896,2.50
Jacob Markström,marksja02,/players/g/granlmi01.html,St. Louis Blues,18,5,10,2,50,447,397,.888,2.89
Jacob Markström,marksja02,/players/g/granlmi01.html,Tampa Bay Lightning,16,6,7,2,48,411,363,.883,3.25
Jacob Markström,marksja02,/players/g/granlmi01.html,Toronto Maple Leafs,18,5,9,3,51,507,456,.899,2.98
Jacob Markström,marksja02,/players/g/granlmi01.html,Vancouver Canucks,20,12,6,2,47,540,493,.913,2.40
Jacob Markström,marksja02,/players/g/granlmi01.html,Vegas Golden Knights,18,6,10,1,52,517,465,.899,3.26
Jacob Markström,marksja02,/players/g/granlmi01.html,Washington Capitals,13,2,8,3,40,372,332,.892,3.28
Jacob Markström,marksja02,/players/g/granlmi01.html,Winnipeg Jets,26,9,15,2,78,749,671,.896,3.10
Jake Allen,allenja01,/players/g/granlmi01.html,Anaheim Ducks,13,8,4,0,23,311,288,.926,1.87
Jake Allen,allenja01,/players/g/granlmi01.html,Arizona Coyotes,12,8,3,0,18,314,296,.943,1.61
Jake Allen,allenja01,/players/g/granlmi01.html,Boston Bruins,13,5,6,1,28,343,315,.918,2.68
Jake Allen,allenja01,/players/g/granlmi01.html,Buffalo Sabres,16,9,6,1,40,478,438,.916,2.52
Jake Allen,allenja01,/players/g/granlmi01.html,Calgary Flames,19,11,6,1,45,547,502,.918,2.51
Jake Allen,allenja01,/players/g/granlmi01.html,Carolina Hurricanes,9,3,5,1,25,287,262,.913,2.82
Jake Allen,allenja01,/players/g/granlmi01.html,Chicago Blackhawks,23,12,7,4,53,681,628,.922,2.35
Jake Allen,allenja01,/players/g/granlmi01.html,Colorado Avalanche,24,10,8,3,53,621,568,.915,2.62
Jake Allen,allenja01,/players/g/granlmi01.html,Columbus Blue Jackets,10,4,2,1,25,251,226,.900,2.98
Jake Allen,allenja01,/players/g/granlmi01.html,Dallas Stars,22,12,8,1,53,615,562,.914,2.42
Jake Allen,allenja01,/players/g/granlmi01.html,Detroit Red Wings,13,5,2,5,28,375,347,.925,2.23
Jake Allen,allenja01,/players/g/granlmi01.html,Edmonton Oilers,22,11,9,2,54,597,543,.910,2.55
Jake Allen,allenja01,/players/g/granlmi01.html,Florida Panthers,11,3,8,0,42,323,281,.870,4.40
Jake Allen,allenja01,/players/g/granlmi01.html,Los Angeles Kings,16,6,8,1,34,458,424,.926,2.32
Jake Allen,allenja01,/players/g/granlmi01.html,Minnesota Wild,20,8,6,2,47,505,458,.907,2.59
Jake Allen,allenja01,/players/g/granlmi01.html,Montreal Canadiens,10,5,5,0,29,287,258,.899,2.91
Jake Allen,allenja01,/players/g/granlmi01.html,Nashville Predators,21,9,8,3,54,646,592,.916,2.75
Jake Allen,allenja01,/players/g/granlmi01.html,New Jersey Devils,11,8,3,0,23,308,285,.925,2.10
Jake Allen,allenja01,/players/g/granlmi01.html,New York Islanders,9,2,5,1,32,215,183,.851,4.33
Jake Allen,allenja01,/players/g/granlmi01.html,New York Rangers,7,1,5,0,19,144,125,.868,3.33
Jake Allen,allenja01,/players/g/granlmi01.html,Ottawa Senators,15,7,6,2,42,440,398,.905,2.88
Jake Allen,allenja01,/players/g/granlmi01.html,Philadelphia Flyers,8,3,5,0,21,212,191,.901,2.68
Jake Allen,allenja01,/players/g/granlmi01.html,Pittsburgh Penguins,12,5,5,2,42,358,316,.883,3.64
Jake Allen,allenja01,/players/g/granlmi01.html,San Jose Sharks,15,7,6,2,32,456,424,.930,2.16
Jake Allen,allenja01,/players/g/granlmi01.html,Seattle Kraken,2,1,1,0,7,59,52,.881,3.50
Jake Allen,allenja01,/players/g/granlmi01.html,St. Louis Blues,4,2,2,0,19,125,106,.848,4.75
Jake Allen,allenja01,/players/g/granlmi01.html,Tampa Bay Lightning,11,3,8,0,40,313,273,.872,3.92
Jake Allen,allenja01,/players/g/granlmi01.html,Toronto Maple Leafs,22,10,8,1,60,677,617,.911,2.91
Jake Allen,allenja01,/players/g/granlmi01.html,Utah Hockey Club,1,1,0,0,0,20,20,1.000,0.00
Jake Allen,allenja01,/players/g/granlmi01.html,Vancouver Canucks,19,9,7,3,50,500,450,.900,2.73
Jake Allen,allenja01,/players/g/granlmi01.html,Vegas Golden Knights,10,2,5,3,34,310,276,.890,3.40
Jake Allen,allenja01,/players/g/granlmi01.html,Washington Capitals,11,5,6,0,39,327,288,.881,3.78
Jake Allen,allenja01,/players/g/granlmi01.html,Winnipeg Jets,21,9,8,3,62,569,507,.891,3.04
Nico Daws,NA,/players/g/granlmi01.html,Anaheim Ducks,2,1,1,0,5,48,43,.896,2.90
Nico Daws,NA,/players/g/granlmi01.html,Arizona Coyotes,2,1,0,0,2,37,35,.946,1.22
Nico Daws,NA,/players/g/granlmi01.html,Boston Bruins,2,0,2,0,7,55,48,.873,4.82
Nico Daws,NA,/players/g/granlmi01.html,Buffalo Sabres,2,1,0,0,1,32,31,.969,0.74
Nico Daws,NA,/players/g/granlmi01.html,Calgary Flames,2,0,1,0,7,26,19,.731,10.08
Nico Daws,NA,/players/g/granlmi01.html,Carolina Hurricanes,2,0,2,0,5,36,31,.861,3.65
Nico Daws,NA,/players/g/granlmi01.html,Colorado Avalanche,2,1,0,0,3,26,23,.885,2.94
Nico Daws,NA,/players/g/granlmi01.html,Columbus Blue Jackets,1,0,1,0,4,31,27,.871,4.15
Nico Daws,NA,/players/g/granlmi01.html,Dallas Stars,2,1,1,0,7,64,57,.891,3.51
Nico Daws,NA,/players/g/granlmi01.html,Florida Panthers,1,1,0,0,1,36,35,.972,1.00
Nico Daws,NA,/players/g/granlmi01.html,Los Angeles Kings,2,0,2,0,6,42,36,.857,3.96
Nico Daws,NA,/players/g/granlmi01.html,Montreal Canadiens,4,2,1,0,9,91,82,.901,2.68
Nico Daws,NA,/players/g/granlmi01.html,Nashville Predators,2,2,0,0,2,61,59,.967,1.00
Nico Daws,NA,/players/g/granlmi01.html,New York Islanders,1,0,1,0,4,29,25,.862,4.21
Nico Daws,NA,/players/g/granlmi01.html,New York Rangers,4,1,3,0,15,102,87,.853,3.79
Nico Daws,NA,/players/g/granlmi01.html,Ottawa Senators,2,1,1,0,6,51,45,.882,3.00
Nico Daws,NA,/players/g/granlmi01.html,Philadelphia Flyers,1,1,0,0,3,48,45,.938,3.00
Nico Daws,NA,/players/g/granlmi01.html,Pittsburgh Penguins,2,2,0,0,3,65,62,.954,1.45
Nico Daws,NA,/players/g/granlmi01.html,San Jose Sharks,1,1,0,0,2,31,29,.935,2.00
Nico Daws,NA,/players/g/granlmi01.html,Seattle Kraken,2,1,0,1,4,54,50,.926,1.93
Nico Daws,NA,/players/g/granlmi01.html,St. Louis Blues,2,2,0,0,3,45,42,.933,1.49
Nico Daws,NA,/players/g/granlmi01.html,Tampa Bay Lightning,1,0,0,0,0,2,2,1.000,0.00
Nico Daws,NA,/players/g/granlmi01.html,Toronto Maple Leafs,1,0,1,0,3,31,28,.903,3.08
Nico Daws,NA,/players/g/granlmi01.html,Utah Hockey Club,1,1,0,0,1,25,24,.960,1.00
Nico Daws,NA,/players/g/granlmi01.html,Vancouver Canucks,3,1,2,0,11,101,90,.891,4.47
Nico Daws,NA,/players/g/granlmi01.html,Washington Capitals,3,1,2,0,13,74,61,.824,4.42
Nico Daws,NA,/players/g/granlmi01.html,Winnipeg Jets,1,0,1,0,2,30,28,.933,2.06
Daniil Tarasov,tarasda02,/players/g/granlmi01.html,Anaheim Ducks,2,1,1,0,5,58,53,.914,2.63
Daniil Tarasov,tarasda02,/players/g/granlmi01.html,Arizona Coyotes,1,0,1,0,4,12,8,.667,6.83
Daniil Tarasov,tarasda02,/players/g/granlmi01.html,Boston Bruins,3,0,2,0,8,73,65,.890,3.50
Daniil Tarasov,tarasda02,/players/g/granlmi01.html,Buffalo Sabres,4,2,1,1,13,132,119,.902,3.28
Daniil Tarasov,tarasda02,/players/g/granlmi01.html,Calgary Flames,1,1,0,0,2,30,28,.933,2.00
Daniil Tarasov,tarasda02,/players/g/granlmi01.html,Carolina Hurricanes,4,0,3,0,15,150,135,.900,4.18
Daniil Tarasov,tarasda02,/players/g/granlmi01.html,Chicago Blackhawks,1,0,1,0,4,20,16,.800,10.26
Daniil Tarasov,tarasda02,/players/g/granlmi01.html,Colorado Avalanche,2,2,0,0,5,76,71,.934,2.50
Daniil Tarasov,tarasda02,/players/g/granlmi01.html,Dallas Stars,2,0,2,0,4,70,66,.943,2.06
Daniil Tarasov,tarasda02,/players/g/granlmi01.html,Detroit Red Wings,2,1,0,1,6,57,51,.895,2.98
Daniil Tarasov,tarasda02,/players/g/granlmi01.html,Edmonton Oilers,2,1,1,0,8,67,59,.881,4.00
Daniil Tarasov,tarasda02,/players/g/granlmi01.html,Florida Panthers,1,1,0,0,3,50,47,.940,3.00
Daniil Tarasov,tarasda02,/players/g/granlmi01.html,Los Angeles Kings,1,0,1,0,4,27,23,.852,7.10
Daniil Tarasov,tarasda02,/players/g/granlmi01.html,Minnesota Wild,2,0,1,1,7,70,63,.900,3.45
Daniil Tarasov,tarasda02,/players/g/granlmi01.html,Montreal Canadiens,2,0,1,0,5,49,44,.898,2.65
Daniil Tarasov,tarasda02,/players/g/granlmi01.html,Nashville Predators,3,0,2,1,8,110,102,.927,2.69
Daniil Tarasov,tarasda02,/players/g/granlmi01.html,New Jersey Devils,1,0,1,0,5,29,24,.828,5.22
Daniil Tarasov,tarasda02,/players/g/granlmi01.html,New York Islanders,1,0,0,0,2,15,13,.867,6.71
Daniil Tarasov,tarasda02,/players/g/granlmi01.html,New York Rangers,2,1,0,1,1,57,56,.982,0.48
Daniil Tarasov,tarasda02,/players/g/granlmi01.html,Ottawa Senators,1,0,1,0,5,29,24,.828,5.28
Daniil Tarasov,tarasda02,/players/g/granlmi01.html,Philadelphia Flyers,3,2,1,0,8,104,96,.923,2.54
Daniil Tarasov,tarasda02,/players/g/granlmi01.html,Pittsburgh Penguins,1,0,1,0,3,36,33,.917,3.13
Daniil Tarasov,tarasda02,/players/g/granlmi01.html,San Jose Sharks,2,2,0,0,7,73,66,.904,3.38
Daniil Tarasov,tarasda02,/players/g/granlmi01.html,Seattle Kraken,2,0,2,0,9,60,51,.850,4.68
Daniil Tarasov,tarasda02,/players/g/granlmi01.html,Tampa Bay Lightning,2,0,2,0,8,67,59,.881,4.01
Daniil Tarasov,tarasda02,/players/g/granlmi01.html,Toronto Maple Leafs,3,1,1,0,6,68,62,.912,2.65
Daniil Tarasov,tarasda02,/players/g/granlmi01.html,Utah Hockey Club,1,1,0,0,2,34,32,.941,1.97
Daniil Tarasov,tarasda02,/players/g/granlmi01.html,Vegas Golden Knights,4,1,2,1,14,151,137,.907,3.79
Daniil Tarasov,tarasda02,/players/g/granlmi01.html,Washington Capitals,3,1,2,0,15,90,75,.833,4.95
Daniil Tarasov,tarasda02,/players/g/granlmi01.html,Winnipeg Jets,1,0,1,0,5,23,18,.783,5.00
Jet Greaves,greavje01,/players/g/granlmi01.html,Anaheim Ducks,1,0,0,1,4,27,23,.852,3.89
Jet Greaves,greavje01,/players/g/granlmi01.html,Carolina Hurricanes,1,1,0,0,3,41,38,.927,3.00
Jet Greaves,greavje01,/players/g/granlmi01.html,Florida Panthers,2,0,2,0,7,79,72,.911,3.53
Jet Greaves,greavje01,/players/g/granlmi01.html,Montreal Canadiens,1,1,0,0,4,31,27,.871,4.01
Jet Greaves,greavje01,/players/g/granlmi01.html,Nashville Predators,1,0,1,0,6,37,31,.838,6.00
Jet Greaves,greavje01,/players/g/granlmi01.html,New York Islanders,1,0,1,0,1,25,24,.960,1.53
Jet Greaves,greavje01,/players/g/granlmi01.html,Philadelphia Flyers,1,1,0,0,2,39,37,.949,2.00
Jet Greaves,greavje01,/players/g/granlmi01.html,Pittsburgh Penguins,1,0,1,0,5,31,26,.839,5.11
Jet Greaves,greavje01,/players/g/granlmi01.html,St. Louis Blues,2,2,0,0,3,75,72,.960,1.50
Jet Greaves,greavje01,/players/g/granlmi01.html,Tampa Bay Lightning,2,0,2,0,8,64,56,.875,4.11
Jet Greaves,greavje01,/players/g/granlmi01.html,Toronto Maple Leafs,1,0,1,0,3,49,46,.939,3.05
Jet Greaves,greavje01,/players/g/granlmi01.html,Washington Capitals,1,0,0,1,2,37,35,.946,1.92
Elvis Merzļikins,merzlel01,/players/g/granlmi01.html,Anaheim Ducks,5,1,1,2,14,128,114,.891,3.39
Elvis Merzļikins,merzlel01,/players/g/granlmi01.html,Arizona Coyotes,6,2,2,1,19,165,146,.885,3.50
Elvis Merzļikins,merzlel01,/players/g/granlmi01.html,Boston Bruins,8,4,2,2,18,253,235,.929,2.33
Elvis Merzļikins,merzlel01,/players/g/granlmi01.html,Buffalo Sabres,4,2,2,0,15,110,95,.864,4.28
Elvis Merzļikins,merzlel01,/players/g/granlmi01.html,Calgary Flames,5,2,3,0,17,173,156,.902,3.66
Elvis Merzļikins,merzlel01,/players/g/granlmi01.html,Carolina Hurricanes,10,5,3,1,26,301,275,.914,2.92
Elvis Merzļikins,merzlel01,/players/g/granlmi01.html,Chicago Blackhawks,9,5,2,2,23,252,229,.909,2.90
Elvis Merzļikins,merzlel01,/players/g/granlmi01.html,Colorado Avalanche,4,1,3,0,15,143,128,.895,3.83
Elvis Merzļikins,merzlel01,/players/g/granlmi01.html,Dallas Stars,8,3,3,0,22,211,189,.896,3.22
Elvis Merzļikins,merzlel01,/players/g/granlmi01.html,Detroit Red Wings,10,6,3,1,26,310,284,.916,2.59
Elvis Merzļikins,merzlel01,/players/g/granlmi01.html,Edmonton Oilers,5,2,2,0,11,139,128,.921,2.59
Elvis Merzļikins,merzlel01,/players/g/granlmi01.html,Florida Panthers,12,3,7,1,38,322,284,.882,3.92
Elvis Merzļikins,merzlel01,/players/g/granlmi01.html,Los Angeles Kings,8,3,3,2,28,285,257,.902,3.46
Elvis Merzļikins,merzlel01,/players/g/granlmi01.html,Minnesota Wild,5,2,1,2,15,174,159,.914,2.89
Elvis Merzļikins,merzlel01,/players/g/granlmi01.html,Montreal Canadiens,9,3,3,3,27,224,197,.879,3.44
Elvis Merzļikins,merzlel01,/players/g/granlmi01.html,Nashville Predators,9,4,3,2,27,279,252,.903,3.32
Elvis Merzļikins,merzlel01,/players/g/granlmi01.html,New Jersey Devils,9,4,3,2,27,333,306,.919,2.96
Elvis Merzļikins,merzlel01,/players/g/granlmi01.html,New York Islanders,6,2,4,0,15,178,163,.916,2.57
Elvis Merzļikins,merzlel01,/players/g/granlmi01.html,New York Rangers,9,2,6,1,26,311,285,.916,3.03
Elvis Merzļikins,merzlel01,/players/g/granlmi01.html,Ottawa Senators,8,2,2,2,16,219,203,.927,2.51
Elvis Merzļikins,merzlel01,/players/g/granlmi01.html,Philadelphia Flyers,9,2,4,2,29,266,237,.891,3.47
Elvis Merzļikins,merzlel01,/players/g/granlmi01.html,Pittsburgh Penguins,10,3,6,0,34,321,287,.894,3.66
Elvis Merzļikins,merzlel01,/players/g/granlmi01.html,San Jose Sharks,7,3,3,1,19,200,181,.905,2.75
Elvis Merzļikins,merzlel01,/players/g/granlmi01.html,Seattle Kraken,6,3,3,0,17,180,163,.906,2.84
Elvis Merzļikins,merzlel01,/players/g/granlmi01.html,St. Louis Blues,5,2,1,1,15,127,112,.882,3.15
Elvis Merzļikins,merzlel01,/players/g/granlmi01.html,Tampa Bay Lightning,13,5,6,2,37,393,356,.906,3.06
Elvis Merzļikins,merzlel01,/players/g/granlmi01.html,Toronto Maple Leafs,6,3,2,0,21,183,162,.885,4.20
Elvis Merzļikins,merzlel01,/players/g/granlmi01.html,Utah Hockey Club,1,0,0,1,3,33,30,.909,2.79
Elvis Merzļikins,merzlel01,/players/g/granlmi01.html,Vancouver Canucks,7,4,2,1,22,222,200,.901,3.07
Elvis Merzļikins,merzlel01,/players/g/granlmi01.html,Vegas Golden Knights,4,3,1,0,8,115,107,.930,2.01
Elvis Merzļikins,merzlel01,/players/g/granlmi01.html,Washington Capitals,7,1,4,1,23,197,174,.883,3.47
Elvis Merzļikins,merzlel01,/players/g/granlmi01.html,Winnipeg Jets,7,3,3,1,24,226,202,.894,3.46
Jonathan Quick,quickjo01,/players/g/granlmi01.html,Anaheim Ducks,54,30,13,9,121,1398,1277,.913,2.34
Jonathan Quick,quickjo01,/players/g/granlmi01.html,Arizona Coyotes,51,25,20,6,130,1330,1200,.902,2.57
Jonathan Quick,quickjo01,/players/g/granlmi01.html,Boston Bruins,21,14,6,1,49,620,571,.921,2.34
Jonathan Quick,quickjo01,/players/g/granlmi01.html,Buffalo Sabres,15,8,3,0,25,324,299,.923,1.86
Jonathan Quick,quickjo01,/players/g/granlmi01.html,Calgary Flames,33,15,11,5,71,792,721,.910,2.26
Jonathan Quick,quickjo01,/players/g/granlmi01.html,Carolina Hurricanes,13,7,6,0,32,378,346,.915,2.71
Jonathan Quick,quickjo01,/players/g/granlmi01.html,Chicago Blackhawks,35,16,16,3,88,1007,919,.913,2.51
Jonathan Quick,quickjo01,/players/g/granlmi01.html,Colorado Avalanche,33,21,8,2,69,817,748,.916,2.26
Jonathan Quick,quickjo01,/players/g/granlmi01.html,Columbus Blue Jackets,30,20,9,1,74,779,705,.905,2.46
Jonathan Quick,quickjo01,/players/g/granlmi01.html,Dallas Stars,37,18,12,6,88,1003,915,.912,2.45
Jonathan Quick,quickjo01,/players/g/granlmi01.html,Detroit Red Wings,32,17,14,1,83,919,836,.910,2.69
Jonathan Quick,quickjo01,/players/g/granlmi01.html,Edmonton Oilers,44,25,13,6,98,1198,1100,.918,2.27
Jonathan Quick,quickjo01,/players/g/granlmi01.html,Florida Panthers,17,12,5,0,41,505,464,.919,2.48
Jonathan Quick,quickjo01,/players/g/granlmi01.html,Los Angeles Kings,3,1,1,0,3,63,60,.952,1.18
Jonathan Quick,quickjo01,/players/g/granlmi01.html,Minnesota Wild,36,17,11,8,93,970,877,.904,2.59
Jonathan Quick,quickjo01,/players/g/granlmi01.html,Montreal Canadiens,15,9,4,2,38,443,405,.914,2.51
Jonathan Quick,quickjo01,/players/g/granlmi01.html,Nashville Predators,26,7,14,3,66,657,591,.900,2.70
Jonathan Quick,quickjo01,/players/g/granlmi01.html,New Jersey Devils,15,6,7,2,39,408,369,.904,2.73
Jonathan Quick,quickjo01,/players/g/granlmi01.html,New York Islanders,13,7,4,2,29,335,306,.913,2.24
Jonathan Quick,quickjo01,/players/g/granlmi01.html,New York Rangers,14,7,6,1,34,366,332,.907,2.53
Jonathan Quick,quickjo01,/players/g/granlmi01.html,Ottawa Senators,13,7,5,1,31,367,336,.916,2.40
Jonathan Quick,quickjo01,/players/g/granlmi01.html,Philadelphia Flyers,20,12,5,2,42,594,552,.929,2.14
Jonathan Quick,quickjo01,/players/g/granlmi01.html,Pittsburgh Penguins,17,7,4,5,43,490,447,.912,2.63
Jonathan Quick,quickjo01,/players/g/granlmi01.html,San Jose Sharks,45,20,15,8,118,1198,1080,.902,2.72
Jonathan Quick,quickjo01,/players/g/granlmi01.html,Seattle Kraken,6,3,2,0,18,139,121,.871,3.37
Jonathan Quick,quickjo01,/players/g/granlmi01.html,St. Louis Blues,34,14,17,3,82,962,880,.915,2.47
Jonathan Quick,quickjo01,/players/g/granlmi01.html,Tampa Bay Lightning,20,9,6,3,44,514,470,.914,2.38
Jonathan Quick,quickjo01,/players/g/granlmi01.html,Toronto Maple Leafs,14,7,6,1,38,447,409,.915,2.68
Jonathan Quick,quickjo01,/players/g/granlmi01.html,Vancouver Canucks,44,20,20,4,92,1206,1114,.924,2.10
Jonathan Quick,quickjo01,/players/g/granlmi01.html,Vegas Golden Knights,16,6,9,1,51,447,396,.886,3.85
Jonathan Quick,quickjo01,/players/g/granlmi01.html,Washington Capitals,18,9,9,0,50,505,455,.901,2.78
Jonathan Quick,quickjo01,/players/g/granlmi01.html,Winnipeg Jets,16,6,7,2,42,381,339,.890,2.95
Igor Shesterkin,shestig01,/players/g/granlmi01.html,Anaheim Ducks,2,2,0,0,6,40,34,.850,3.00
Igor Shesterkin,shestig01,/players/g/granlmi01.html,Arizona Coyotes,4,4,0,0,7,108,101,.935,1.75
Igor Shesterkin,shestig01,/players/g/granlmi01.html,Boston Bruins,13,5,8,0,33,328,295,.899,2.91
Igor Shesterkin,shestig01,/players/g/granlmi01.html,Buffalo Sabres,15,10,3,2,35,400,365,.913,2.59
Igor Shesterkin,shestig01,/players/g/granlmi01.html,Calgary Flames,5,2,3,0,15,178,163,.916,3.02
Igor Shesterkin,shestig01,/players/g/granlmi01.html,Carolina Hurricanes,12,5,7,0,33,352,319,.906,2.80
Igor Shesterkin,shestig01,/players/g/granlmi01.html,Chicago Blackhawks,5,4,1,0,10,156,146,.936,2.00
Igor Shesterkin,shestig01,/players/g/granlmi01.html,Colorado Avalanche,6,3,1,2,16,206,190,.922,2.54
Igor Shesterkin,shestig01,/players/g/granlmi01.html,Columbus Blue Jackets,8,6,2,0,13,225,212,.942,1.65
Igor Shesterkin,shestig01,/players/g/granlmi01.html,Dallas Stars,8,6,1,1,19,268,249,.929,2.38
Igor Shesterkin,shestig01,/players/g/granlmi01.html,Detroit Red Wings,6,5,0,1,9,157,148,.943,1.48
Igor Shesterkin,shestig01,/players/g/granlmi01.html,Edmonton Oilers,2,1,1,0,8,61,53,.869,3.88
Igor Shesterkin,shestig01,/players/g/granlmi01.html,Florida Panthers,8,4,4,0,24,261,237,.908,3.03
Igor Shesterkin,shestig01,/players/g/granlmi01.html,Los Angeles Kings,5,4,1,0,13,166,153,.922,2.90
Igor Shesterkin,shestig01,/players/g/granlmi01.html,Minnesota Wild,3,2,1,0,9,102,93,.912,2.95
Igor Shesterkin,shestig01,/players/g/granlmi01.html,Montreal Canadiens,6,5,1,0,12,173,161,.931,1.99
Igor Shesterkin,shestig01,/players/g/granlmi01.html,Nashville Predators,4,2,2,0,10,119,109,.916,2.83
Igor Shesterkin,shestig01,/players/g/granlmi01.html,New Jersey Devils,20,11,6,1,49,568,519,.914,2.79
Igor Shesterkin,shestig01,/players/g/granlmi01.html,New York Islanders,17,8,8,1,46,486,440,.905,2.72
Igor Shesterkin,shestig01,/players/g/granlmi01.html,Ottawa Senators,7,5,1,1,11,210,199,.948,1.56
Igor Shesterkin,shestig01,/players/g/granlmi01.html,Philadelphia Flyers,14,9,4,1,30,478,448,.937,2.13
Igor Shesterkin,shestig01,/players/g/granlmi01.html,Pittsburgh Penguins,17,10,6,1,35,476,441,.926,2.07
Igor Shesterkin,shestig01,/players/g/granlmi01.html,San Jose Sharks,7,5,0,2,11,201,190,.945,1.62
Igor Shesterkin,shestig01,/players/g/granlmi01.html,Seattle Kraken,5,4,0,1,11,166,155,.934,2.18
Igor Shesterkin,shestig01,/players/g/granlmi01.html,St. Louis Blues,6,3,3,0,19,166,147,.886,3.60
Igor Shesterkin,shestig01,/players/g/granlmi01.html,Tampa Bay Lightning,9,6,2,1,20,267,247,.925,2.32
Igor Shesterkin,shestig01,/players/g/granlmi01.html,Toronto Maple Leafs,11,6,3,2,28,344,316,.919,2.53
Igor Shesterkin,shestig01,/players/g/granlmi01.html,Utah Hockey Club,2,1,0,1,9,57,48,.842,4.35
Igor Shesterkin,shestig01,/players/g/granlmi01.html,Vancouver Canucks,6,4,1,1,21,172,151,.878,3.46
Igor Shesterkin,shestig01,/players/g/granlmi01.html,Vegas Golden Knights,4,2,2,0,10,100,90,.900,2.58
Igor Shesterkin,shestig01,/players/g/granlmi01.html,Washington Capitals,13,8,5,0,34,404,370,.916,2.70
Igor Shesterkin,shestig01,/players/g/granlmi01.html,Winnipeg Jets,7,4,3,0,16,228,212,.930,2.32
Louis Domingue,dominlo01,/players/g/granlmi01.html,Anaheim Ducks,5,0,4,0,13,111,98,.883,3.65
Louis Domingue,dominlo01,/players/g/granlmi01.html,Arizona Coyotes,2,0,2,0,10,64,54,.844,5.07
Louis Domingue,dominlo01,/players/g/granlmi01.html,Boston Bruins,6,1,3,0,14,159,145,.912,2.95
Louis Domingue,dominlo01,/players/g/granlmi01.html,Buffalo Sabres,7,3,4,0,22,182,160,.879,3.52
Louis Domingue,dominlo01,/players/g/granlmi01.html,Calgary Flames,6,4,2,0,15,159,144,.906,2.49
Louis Domingue,dominlo01,/players/g/granlmi01.html,Carolina Hurricanes,5,3,1,1,15,174,159,.914,3.01
Louis Domingue,dominlo01,/players/g/granlmi01.html,Chicago Blackhawks,7,3,3,1,24,217,193,.889,3.57
Louis Domingue,dominlo01,/players/g/granlmi01.html,Colorado Avalanche,6,2,4,0,15,173,158,.913,2.77
Louis Domingue,dominlo01,/players/g/granlmi01.html,Columbus Blue Jackets,3,0,3,0,10,78,68,.872,4.08
Louis Domingue,dominlo01,/players/g/granlmi01.html,Dallas Stars,5,3,1,1,16,180,164,.911,3.14
Louis Domingue,dominlo01,/players/g/granlmi01.html,Detroit Red Wings,5,3,1,1,11,128,117,.914,2.35
Louis Domingue,dominlo01,/players/g/granlmi01.html,Edmonton Oilers,5,2,1,1,14,141,127,.901,3.11
Louis Domingue,dominlo01,/players/g/granlmi01.html,Florida Panthers,6,4,2,0,18,188,170,.904,3.01
Louis Domingue,dominlo01,/players/g/granlmi01.html,Los Angeles Kings,4,2,1,1,13,132,119,.902,3.42
Louis Domingue,dominlo01,/players/g/granlmi01.html,Minnesota Wild,4,2,2,0,9,115,106,.922,2.23
Louis Domingue,dominlo01,/players/g/granlmi01.html,Montreal Canadiens,5,3,1,1,14,123,109,.886,3.07
Louis Domingue,dominlo01,/players/g/granlmi01.html,Nashville Predators,6,3,2,1,16,207,191,.923,2.62
Louis Domingue,dominlo01,/players/g/granlmi01.html,New Jersey Devils,3,2,1,0,7,87,80,.920,2.37
Louis Domingue,dominlo01,/players/g/granlmi01.html,New York Islanders,4,2,2,0,9,109,100,.917,2.22
Louis Domingue,dominlo01,/players/g/granlmi01.html,New York Rangers,5,3,1,0,12,128,116,.906,2.73
Louis Domingue,dominlo01,/players/g/granlmi01.html,Ottawa Senators,4,2,1,0,11,83,72,.867,4.45
Louis Domingue,dominlo01,/players/g/granlmi01.html,Philadelphia Flyers,5,3,2,0,18,182,164,.901,3.63
Louis Domingue,dominlo01,/players/g/granlmi01.html,Pittsburgh Penguins,4,1,1,0,12,81,69,.852,4.28
Louis Domingue,dominlo01,/players/g/granlmi01.html,San Jose Sharks,5,2,3,0,11,168,157,.935,2.22
Louis Domingue,dominlo01,/players/g/granlmi01.html,St. Louis Blues,3,0,3,0,10,116,106,.914,3.56
Louis Domingue,dominlo01,/players/g/granlmi01.html,Tampa Bay Lightning,4,2,2,0,7,137,130,.949,1.77
Louis Domingue,dominlo01,/players/g/granlmi01.html,Toronto Maple Leafs,2,1,1,0,7,58,51,.879,4.59
Louis Domingue,dominlo01,/players/g/granlmi01.html,Vancouver Canucks,8,2,2,2,17,206,189,.917,2.45
Louis Domingue,dominlo01,/players/g/granlmi01.html,Vegas Golden Knights,1,0,0,0,2,23,21,.913,2.23
Louis Domingue,dominlo01,/players/g/granlmi01.html,Washington Capitals,4,2,1,0,9,131,122,.931,2.72
Louis Domingue,dominlo01,/players/g/granlmi01.html,Winnipeg Jets,5,1,3,0,13,130,117,.900,3.42
Aleksei Kolosov,kolosal01,/players/g/granlmi01.html,Boston Bruins,2,0,1,1,6,53,47,.887,3.15
Aleksei Kolosov,kolosal01,/players/g/granlmi01.html,Carolina Hurricanes,1,0,1,0,5,34,29,.853,5.09
Aleksei Kolosov,kolosal01,/players/g/granlmi01.html,Chicago Blackhawks,1,1,0,0,2,21,19,.905,1.96
Aleksei Kolosov,kolosal01,/players/g/granlmi01.html,Colorado Avalanche,1,0,1,0,3,29,26,.897,3.11
Aleksei Kolosov,kolosal01,/players/g/granlmi01.html,Detroit Red Wings,1,1,0,0,1,26,25,.962,1.00
Aleksei Kolosov,kolosal01,/players/g/granlmi01.html,Florida Panthers,1,0,1,0,4,20,16,.800,6.08
Aleksei Kolosov,kolosal01,/players/g/granlmi01.html,Los Angeles Kings,2,0,2,0,11,46,35,.761,5.66
Aleksei Kolosov,kolosal01,/players/g/granlmi01.html,Montreal Canadiens,1,0,1,0,4,24,20,.833,4.13
Aleksei Kolosov,kolosal01,/players/g/granlmi01.html,Nashville Predators,1,1,0,0,2,27,25,.926,2.00
Aleksei Kolosov,kolosal01,/players/g/granlmi01.html,Pittsburgh Penguins,1,0,0,0,1,7,6,.857,3.27
Aleksei Kolosov,kolosal01,/players/g/granlmi01.html,San Jose Sharks,1,0,0,0,0,7,7,1.000,0.00
Aleksei Kolosov,kolosal01,/players/g/granlmi01.html,St. Louis Blues,1,1,0,0,2,27,25,.926,1.98
Aleksei Kolosov,kolosal01,/players/g/granlmi01.html,Vegas Golden Knights,1,0,1,0,4,26,22,.846,4.15
Ivan Fedotov,fedotiv01,/players/g/granlmi01.html,Buffalo Sabres,2,1,1,0,6,44,38,.864,3.11
Ivan Fedotov,fedotiv01,/players/g/granlmi01.html,Calgary Flames,1,0,1,0,5,31,26,.839,5.12
Ivan Fedotov,fedotiv01,/players/g/granlmi01.html,Carolina Hurricanes,1,0,1,0,4,37,33,.892,4.00
Ivan Fedotov,fedotiv01,/players/g/granlmi01.html,Columbus Blue Jackets,1,0,0,1,2,28,26,.929,1.85
Ivan Fedotov,fedotiv01,/players/g/granlmi01.html,Florida Panthers,1,0,0,0,2,7,5,.714,6.00
Ivan Fedotov,fedotiv01,/players/g/granlmi01.html,Montreal Canadiens,1,0,0,0,4,13,9,.692,8.79
Ivan Fedotov,fedotiv01,/players/g/granlmi01.html,New Jersey Devils,1,0,0,0,1,10,9,.900,2.28
Ivan Fedotov,fedotiv01,/players/g/granlmi01.html,New York Islanders,3,0,2,1,8,76,68,.895,3.10
Ivan Fedotov,fedotiv01,/players/g/granlmi01.html,New York Rangers,1,1,0,0,1,23,22,.957,1.00
Ivan Fedotov,fedotiv01,/players/g/granlmi01.html,Ottawa Senators,1,1,0,0,4,37,33,.892,3.75
Ivan Fedotov,fedotiv01,/players/g/granlmi01.html,Seattle Kraken,1,0,1,0,5,24,19,.792,7.50
Ivan Fedotov,fedotiv01,/players/g/granlmi01.html,Tampa Bay Lightning,1,1,0,0,1,23,22,.957,0.92
Ivan Fedotov,fedotiv01,/players/g/granlmi01.html,Toronto Maple Leafs,2,0,1,1,6,42,36,.857,2.99
Ivan Fedotov,fedotiv01,/players/g/granlmi01.html,Vegas Golden Knights,1,0,0,1,4,30,26,.867,3.70
Ivan Fedotov,fedotiv01,/players/g/granlmi01.html,Washington Capitals,2,0,2,0,8,41,33,.805,4.12
Ivan Fedotov,fedotiv01,/players/g/granlmi01.html,Winnipeg Jets,1,1,0,0,1,30,29,.967,0.92
Samuel Ersson,erssosa01,/players/g/granlmi01.html,Anaheim Ducks,6,5,1,0,14,174,160,.920,2.34
Samuel Ersson,erssosa01,/players/g/granlmi01.html,Arizona Coyotes,1,1,0,0,3,23,20,.870,3.00
Samuel Ersson,erssosa01,/players/g/granlmi01.html,Boston Bruins,5,2,1,0,8,80,72,.900,2.67
Samuel Ersson,erssosa01,/players/g/granlmi01.html,Buffalo Sabres,3,2,1,0,3,59,56,.949,1.06
Samuel Ersson,erssosa01,/players/g/granlmi01.html,Calgary Flames,2,1,1,0,6,67,61,.910,3.07
Samuel Ersson,erssosa01,/players/g/granlmi01.html,Carolina Hurricanes,2,0,0,1,8,63,55,.873,4.41
Samuel Ersson,erssosa01,/players/g/granlmi01.html,Chicago Blackhawks,2,1,1,0,6,46,40,.870,3.01
Samuel Ersson,erssosa01,/players/g/granlmi01.html,Colorado Avalanche,2,0,1,0,3,41,38,.927,2.46
Samuel Ersson,erssosa01,/players/g/granlmi01.html,Columbus Blue Jackets,5,3,1,1,17,126,109,.865,3.31
Samuel Ersson,erssosa01,/players/g/granlmi01.html,Dallas Stars,3,1,1,1,9,62,53,.855,2.99
Samuel Ersson,erssosa01,/players/g/granlmi01.html,Detroit Red Wings,4,2,2,0,9,100,91,.910,2.23
Samuel Ersson,erssosa01,/players/g/granlmi01.html,Edmonton Oilers,2,1,0,1,7,49,42,.857,3.47
Samuel Ersson,erssosa01,/players/g/granlmi01.html,Florida Panthers,4,3,0,1,8,105,97,.924,1.96
Samuel Ersson,erssosa01,/players/g/granlmi01.html,Los Angeles Kings,1,1,0,0,2,29,27,.931,2.01
Samuel Ersson,erssosa01,/players/g/granlmi01.html,Minnesota Wild,2,1,1,0,8,47,39,.830,4.09
Samuel Ersson,erssosa01,/players/g/granlmi01.html,Montreal Canadiens,3,1,2,0,9,51,42,.824,3.47
Samuel Ersson,erssosa01,/players/g/granlmi01.html,Nashville Predators,2,0,1,1,6,52,46,.885,3.05
Samuel Ersson,erssosa01,/players/g/granlmi01.html,New Jersey Devils,7,4,3,0,21,183,162,.885,3.19
Samuel Ersson,erssosa01,/players/g/granlmi01.html,New York Islanders,3,2,0,0,5,60,55,.917,2.07
Samuel Ersson,erssosa01,/players/g/granlmi01.html,New York Rangers,4,1,2,1,14,112,98,.875,3.55
Samuel Ersson,erssosa01,/players/g/granlmi01.html,Ottawa Senators,1,0,1,0,4,33,29,.879,4.11
Samuel Ersson,erssosa01,/players/g/granlmi01.html,Pittsburgh Penguins,6,3,2,1,19,158,139,.880,3.32
Samuel Ersson,erssosa01,/players/g/granlmi01.html,San Jose Sharks,5,4,1,0,10,122,112,.918,2.12
Samuel Ersson,erssosa01,/players/g/granlmi01.html,Seattle Kraken,2,0,0,0,3,16,13,.813,4.10
Samuel Ersson,erssosa01,/players/g/granlmi01.html,St. Louis Blues,3,1,1,1,5,77,72,.935,1.63
Samuel Ersson,erssosa01,/players/g/granlmi01.html,Tampa Bay Lightning,3,1,2,0,10,56,46,.821,4.67
Samuel Ersson,erssosa01,/players/g/granlmi01.html,Toronto Maple Leafs,3,1,1,1,10,70,60,.857,4.26
Samuel Ersson,erssosa01,/players/g/granlmi01.html,Utah Hockey Club,2,0,1,1,7,67,60,.896,3.44
Samuel Ersson,erssosa01,/players/g/granlmi01.html,Vancouver Canucks,3,2,1,0,6,77,71,.922,2.15
Samuel Ersson,erssosa01,/players/g/granlmi01.html,Washington Capitals,4,1,3,0,13,97,84,.866,3.22
Samuel Ersson,erssosa01,/players/g/granlmi01.html,Winnipeg Jets,2,2,0,0,1,64,63,.984,0.50
Ilya Sorokin,sorokil01,/players/g/granlmi01.html,Anaheim Ducks,5,4,1,0,9,143,134,.937,1.81
Ilya Sorokin,sorokil01,/players/g/granlmi01.html,Arizona Coyotes,6,4,2,0,7,140,133,.950,1.18
Ilya Sorokin,sorokil01,/players/g/granlmi01.html,Boston Bruins,9,4,3,2,23,245,222,.906,2.73
Ilya Sorokin,sorokil01,/players/g/granlmi01.html,Buffalo Sabres,13,7,4,2,35,390,355,.910,2.70
Ilya Sorokin,sorokil01,/players/g/granlmi01.html,Calgary Flames,3,2,1,0,12,114,102,.895,3.81
Ilya Sorokin,sorokil01,/players/g/granlmi01.html,Carolina Hurricanes,12,5,6,1,35,359,324,.903,3.30
Ilya Sorokin,sorokil01,/players/g/granlmi01.html,Chicago Blackhawks,6,4,1,1,15,157,142,.904,2.50
Ilya Sorokin,sorokil01,/players/g/granlmi01.html,Colorado Avalanche,6,2,2,2,17,218,201,.922,2.93
Ilya Sorokin,sorokil01,/players/g/granlmi01.html,Columbus Blue Jackets,8,6,0,2,17,213,196,.920,2.12
Ilya Sorokin,sorokil01,/players/g/granlmi01.html,Dallas Stars,4,2,1,1,9,130,121,.931,2.19
Ilya Sorokin,sorokil01,/players/g/granlmi01.html,Detroit Red Wings,11,4,4,2,25,282,257,.911,2.47
Ilya Sorokin,sorokil01,/players/g/granlmi01.html,Edmonton Oilers,7,3,3,1,17,246,229,.931,2.42
Ilya Sorokin,sorokil01,/players/g/granlmi01.html,Florida Panthers,6,2,3,1,18,184,166,.902,3.39
Ilya Sorokin,sorokil01,/players/g/granlmi01.html,Los Angeles Kings,5,1,4,0,13,152,139,.914,2.64
Ilya Sorokin,sorokil01,/players/g/granlmi01.html,Minnesota Wild,5,0,4,1,15,151,136,.901,3.21
Ilya Sorokin,sorokil01,/players/g/granlmi01.html,Montreal Canadiens,6,4,0,2,9,178,169,.949,1.47
Ilya Sorokin,sorokil01,/players/g/granlmi01.html,Nashville Predators,5,1,3,1,15,130,115,.885,2.97
Ilya Sorokin,sorokil01,/players/g/granlmi01.html,New Jersey Devils,14,7,5,2,40,442,402,.910,2.85
Ilya Sorokin,sorokil01,/players/g/granlmi01.html,New York Rangers,11,3,6,2,37,349,312,.894,3.46
Ilya Sorokin,sorokil01,/players/g/granlmi01.html,Ottawa Senators,5,4,0,1,10,172,162,.942,1.97
Ilya Sorokin,sorokil01,/players/g/granlmi01.html,Philadelphia Flyers,16,11,3,2,25,471,446,.947,1.54
Ilya Sorokin,sorokil01,/players/g/granlmi01.html,Pittsburgh Penguins,15,10,5,0,45,486,441,.907,3.16
Ilya Sorokin,sorokil01,/players/g/granlmi01.html,San Jose Sharks,5,2,0,3,13,155,142,.916,2.52
Ilya Sorokin,sorokil01,/players/g/granlmi01.html,Seattle Kraken,6,2,3,1,13,161,148,.919,2.29
Ilya Sorokin,sorokil01,/players/g/granlmi01.html,St. Louis Blues,6,4,1,1,12,167,155,.928,1.99
Ilya Sorokin,sorokil01,/players/g/granlmi01.html,Tampa Bay Lightning,8,3,5,0,24,202,178,.881,3.38
Ilya Sorokin,sorokil01,/players/g/granlmi01.html,Toronto Maple Leafs,11,6,5,0,30,369,339,.919,2.74
Ilya Sorokin,sorokil01,/players/g/granlmi01.html,Vancouver Canucks,5,2,2,1,19,173,154,.890,3.81
Ilya Sorokin,sorokil01,/players/g/granlmi01.html,Vegas Golden Knights,7,3,2,1,12,198,186,.939,1.96
Ilya Sorokin,sorokil01,/players/g/granlmi01.html,Washington Capitals,7,3,3,1,17,207,190,.918,2.41
Ilya Sorokin,sorokil01,/players/g/granlmi01.html,Winnipeg Jets,4,2,2,0,8,120,112,.933,2.03
Marcus Högberg,hogbema01,/players/g/granlmi01.html,Anaheim Ducks,2,0,1,1,7,43,36,.837,3.37
Marcus Högberg,hogbema01,/players/g/granlmi01.html,Arizona Coyotes,1,1,0,0,2,34,32,.941,2.00
Marcus Högberg,hogbema01,/players/g/granlmi01.html,Calgary Flames,2,1,1,0,4,68,64,.941,2.02
Marcus Högberg,hogbema01,/players/g/granlmi01.html,Carolina Hurricanes,3,0,0,0,5,48,43,.896,2.82
Marcus Högberg,hogbema01,/players/g/granlmi01.html,Chicago Blackhawks,1,0,0,1,3,30,27,.900,2.99
Marcus Högberg,hogbema01,/players/g/granlmi01.html,Colorado Avalanche,2,0,2,0,6,69,63,.913,3.07
Marcus Högberg,hogbema01,/players/g/granlmi01.html,Columbus Blue Jackets,2,0,1,1,8,81,73,.901,3.88
Marcus Högberg,hogbema01,/players/g/granlmi01.html,Detroit Red Wings,2,1,0,1,5,56,51,.911,2.31
Marcus Högberg,hogbema01,/players/g/granlmi01.html,Edmonton Oilers,4,0,4,0,15,94,79,.840,4.62
Marcus Högberg,hogbema01,/players/g/granlmi01.html,Montreal Canadiens,1,0,0,1,2,25,23,.920,1.87
Marcus Högberg,hogbema01,/players/g/granlmi01.html,Nashville Predators,1,1,0,0,4,37,33,.892,3.88
Marcus Högberg,hogbema01,/players/g/granlmi01.html,New Jersey Devils,1,0,0,1,3,53,50,.943,2.77
Marcus Högberg,hogbema01,/players/g/granlmi01.html,Ottawa Senators,1,0,1,0,1,26,25,.962,1.02
Marcus Högberg,hogbema01,/players/g/granlmi01.html,Philadelphia Flyers,1,0,0,1,4,38,34,.895,3.69
Marcus Högberg,hogbema01,/players/g/granlmi01.html,Pittsburgh Penguins,2,0,2,0,8,74,66,.892,4.10
Marcus Högberg,hogbema01,/players/g/granlmi01.html,San Jose Sharks,1,1,0,0,1,19,18,.947,1.00
Marcus Högberg,hogbema01,/players/g/granlmi01.html,Seattle Kraken,1,0,0,0,0,11,11,1.000,0.00
Marcus Högberg,hogbema01,/players/g/granlmi01.html,Tampa Bay Lightning,1,0,0,1,4,40,36,.900,3.71
Marcus Högberg,hogbema01,/players/g/granlmi01.html,Toronto Maple Leafs,3,1,1,0,9,59,50,.847,5.11
Marcus Högberg,hogbema01,/players/g/granlmi01.html,Utah Hockey Club,1,1,0,0,1,22,21,.955,1.00
Marcus Högberg,hogbema01,/players/g/granlmi01.html,Vancouver Canucks,7,3,2,1,18,196,178,.908,2.88
Marcus Högberg,hogbema01,/players/g/granlmi01.html,Washington Capitals,3,0,2,0,8,71,63,.887,3.55
Marcus Högberg,hogbema01,/players/g/granlmi01.html,Winnipeg Jets,6,1,2,0,14,128,114,.891,3.51
Jakub Skarek,skareja01,/players/g/granlmi01.html,Florida Panthers,1,0,1,0,5,32,27,.844,5.29
Jakub Skarek,skareja01,/players/g/granlmi01.html,New York Rangers,1,0,0,0,0,7,7,1.000,0.00
Semyon Varlamov,varlasi01,/players/g/granlmi01.html,Anaheim Ducks,16,6,6,3,44,464,420,.905,2.94
Semyon Varlamov,varlasi01,/players/g/granlmi01.html,Arizona Coyotes,20,9,8,2,47,535,488,.912,2.59
Semyon Varlamov,varlasi01,/players/g/granlmi01.html,Boston Bruins,27,12,9,4,68,832,764,.918,2.58
Semyon Varlamov,varlasi01,/players/g/granlmi01.html,Buffalo Sabres,19,13,5,1,36,562,526,.936,1.99
Semyon Varlamov,varlasi01,/players/g/granlmi01.html,Calgary Flames,22,7,12,3,68,592,524,.885,3.19
Semyon Varlamov,varlasi01,/players/g/granlmi01.html,Carolina Hurricanes,14,6,4,4,35,454,419,.923,2.46
Semyon Varlamov,varlasi01,/players/g/granlmi01.html,Chicago Blackhawks,27,15,6,4,56,866,810,.935,2.17
Semyon Varlamov,varlasi01,/players/g/granlmi01.html,Colorado Avalanche,5,2,2,0,13,159,146,.918,3.13
Semyon Varlamov,varlasi01,/players/g/granlmi01.html,Columbus Blue Jackets,20,11,6,2,42,678,636,.938,2.12
Semyon Varlamov,varlasi01,/players/g/granlmi01.html,Dallas Stars,30,17,10,2,85,960,875,.911,2.94
Semyon Varlamov,varlasi01,/players/g/granlmi01.html,Detroit Red Wings,15,7,8,0,32,405,373,.921,2.33
Semyon Varlamov,varlasi01,/players/g/granlmi01.html,Edmonton Oilers,24,9,12,1,70,714,644,.902,3.16
Semyon Varlamov,varlasi01,/players/g/granlmi01.html,Florida Panthers,17,9,5,2,47,553,506,.915,2.81
Semyon Varlamov,varlasi01,/players/g/granlmi01.html,Los Angeles Kings,20,9,8,3,46,577,531,.920,2.34
Semyon Varlamov,varlasi01,/players/g/granlmi01.html,Minnesota Wild,30,13,15,1,66,892,826,.926,2.33
Semyon Varlamov,varlasi01,/players/g/granlmi01.html,Montreal Canadiens,16,8,3,2,40,436,396,.908,2.75
Semyon Varlamov,varlasi01,/players/g/granlmi01.html,Nashville Predators,31,13,14,2,95,935,840,.898,3.19
Semyon Varlamov,varlasi01,/players/g/granlmi01.html,New Jersey Devils,13,9,4,0,23,352,329,.935,1.77
Semyon Varlamov,varlasi01,/players/g/granlmi01.html,New York Islanders,8,3,3,2,21,258,237,.919,2.65
Semyon Varlamov,varlasi01,/players/g/granlmi01.html,New York Rangers,24,14,8,2,62,729,667,.915,2.59
Semyon Varlamov,varlasi01,/players/g/granlmi01.html,Ottawa Senators,17,8,5,3,49,523,474,.906,3.01
Semyon Varlamov,varlasi01,/players/g/granlmi01.html,Philadelphia Flyers,17,11,3,2,44,535,491,.918,2.68
Semyon Varlamov,varlasi01,/players/g/granlmi01.html,Pittsburgh Penguins,17,6,5,4,49,481,432,.898,3.04
Semyon Varlamov,varlasi01,/players/g/granlmi01.html,San Jose Sharks,17,7,6,4,47,581,534,.919,2.82
Semyon Varlamov,varlasi01,/players/g/granlmi01.html,Seattle Kraken,2,0,1,1,5,62,57,.919,2.44
Semyon Varlamov,varlasi01,/players/g/granlmi01.html,St. Louis Blues,26,10,12,3,60,784,724,.923,2.50
Semyon Varlamov,varlasi01,/players/g/granlmi01.html,Tampa Bay Lightning,24,10,9,2,54,667,613,.919,2.50
Semyon Varlamov,varlasi01,/players/g/granlmi01.html,Toronto Maple Leafs,14,6,6,2,43,382,339,.887,3.47
Semyon Varlamov,varlasi01,/players/g/granlmi01.html,Utah Hockey Club,1,0,0,1,5,26,21,.808,4.82
Semyon Varlamov,varlasi01,/players/g/granlmi01.html,Vancouver Canucks,22,8,12,2,63,637,574,.901,2.91
Semyon Varlamov,varlasi01,/players/g/granlmi01.html,Vegas Golden Knights,8,5,3,0,17,289,272,.941,2.12
Semyon Varlamov,varlasi01,/players/g/granlmi01.html,Washington Capitals,25,8,12,5,66,795,729,.917,2.64
Semyon Varlamov,varlasi01,/players/g/granlmi01.html,Winnipeg Jets,33,18,10,2,74,910,836,.919,2.38
Alex Nedeljkovic,nedelal01,/players/g/granlmi01.html,Anaheim Ducks,3,2,1,0,6,71,65,.915,1.99
Alex Nedeljkovic,nedelal01,/players/g/granlmi01.html,Arizona Coyotes,2,0,1,1,9,56,47,.839,4.63
Alex Nedeljkovic,nedelal01,/players/g/granlmi01.html,Boston Bruins,7,3,3,0,24,222,198,.892,3.71
Alex Nedeljkovic,nedelal01,/players/g/granlmi01.html,Buffalo Sabres,8,5,2,1,24,266,242,.910,2.95
Alex Nedeljkovic,nedelal01,/players/g/granlmi01.html,Calgary Flames,4,2,1,1,9,121,112,.926,2.22
Alex Nedeljkovic,nedelal01,/players/g/granlmi01.html,Carolina Hurricanes,9,5,3,1,23,280,257,.918,2.53
Alex Nedeljkovic,nedelal01,/players/g/granlmi01.html,Chicago Blackhawks,6,3,1,1,16,141,125,.887,3.00
Alex Nedeljkovic,nedelal01,/players/g/granlmi01.html,Colorado Avalanche,2,0,1,1,7,64,57,.891,4.26
Alex Nedeljkovic,nedelal01,/players/g/granlmi01.html,Columbus Blue Jackets,9,4,1,3,20,243,223,.918,2.29
Alex Nedeljkovic,nedelal01,/players/g/granlmi01.html,Dallas Stars,9,2,4,1,28,228,200,.877,3.45
Alex Nedeljkovic,nedelal01,/players/g/granlmi01.html,Detroit Red Wings,6,4,1,1,17,174,157,.902,2.84
Alex Nedeljkovic,nedelal01,/players/g/granlmi01.html,Edmonton Oilers,4,2,2,0,14,138,124,.899,3.59
Alex Nedeljkovic,nedelal01,/players/g/granlmi01.html,Florida Panthers,11,3,3,4,34,364,330,.907,3.19
Alex Nedeljkovic,nedelal01,/players/g/granlmi01.html,Los Angeles Kings,5,2,3,0,13,162,149,.920,2.66
Alex Nedeljkovic,nedelal01,/players/g/granlmi01.html,Minnesota Wild,4,1,2,1,17,121,104,.860,4.29
Alex Nedeljkovic,nedelal01,/players/g/granlmi01.html,Montreal Canadiens,6,3,1,1,9,170,161,.947,1.74
Alex Nedeljkovic,nedelal01,/players/g/granlmi01.html,Nashville Predators,7,4,3,0,14,191,177,.927,2.01
Alex Nedeljkovic,nedelal01,/players/g/granlmi01.html,New Jersey Devils,5,3,1,1,13,144,131,.910,2.57
Alex Nedeljkovic,nedelal01,/players/g/granlmi01.html,New York Islanders,8,4,1,2,22,227,205,.903,2.99
Alex Nedeljkovic,nedelal01,/players/g/granlmi01.html,New York Rangers,6,3,1,1,15,153,138,.902,2.86
Alex Nedeljkovic,nedelal01,/players/g/granlmi01.html,Ottawa Senators,3,0,2,1,14,74,60,.811,5.71
Alex Nedeljkovic,nedelal01,/players/g/granlmi01.html,Philadelphia Flyers,8,3,3,1,24,232,208,.897,3.21
Alex Nedeljkovic,nedelal01,/players/g/granlmi01.html,Pittsburgh Penguins,4,2,1,0,15,106,91,.858,5.07
Alex Nedeljkovic,nedelal01,/players/g/granlmi01.html,San Jose Sharks,4,2,1,1,10,123,113,.919,2.46
Alex Nedeljkovic,nedelal01,/players/g/granlmi01.html,Seattle Kraken,1,0,1,0,3,41,38,.927,3.08
Alex Nedeljkovic,nedelal01,/players/g/granlmi01.html,St. Louis Blues,3,1,2,0,6,64,58,.906,2.89
Alex Nedeljkovic,nedelal01,/players/g/granlmi01.html,Tampa Bay Lightning,7,3,2,2,18,233,215,.923,2.56
Alex Nedeljkovic,nedelal01,/players/g/granlmi01.html,Toronto Maple Leafs,7,1,3,1,22,197,175,.888,3.91
Alex Nedeljkovic,nedelal01,/players/g/granlmi01.html,Utah Hockey Club,2,1,1,0,8,59,51,.864,3.88
Alex Nedeljkovic,nedelal01,/players/g/granlmi01.html,Vancouver Canucks,4,2,1,0,9,112,103,.920,2.72
Alex Nedeljkovic,nedelal01,/players/g/granlmi01.html,Vegas Golden Knights,2,1,0,0,1,48,47,.979,0.75
Alex Nedeljkovic,nedelal01,/players/g/granlmi01.html,Washington Capitals,4,1,2,0,9,66,57,.864,3.18
Alex Nedeljkovic,nedelal01,/players/g/granlmi01.html,Winnipeg Jets,2,0,2,0,7,67,60,.896,3.58
Joel Blomqvist,blomqjo01,/players/g/granlmi01.html,Buffalo Sabres,1,1,0,0,2,28,26,.929,2.45
Joel Blomqvist,blomqjo01,/players/g/granlmi01.html,Carolina Hurricanes,1,0,1,0,4,38,34,.895,4.00
Joel Blomqvist,blomqjo01,/players/g/granlmi01.html,Dallas Stars,1,0,1,0,3,8,5,.625,17.53
Joel Blomqvist,blomqjo01,/players/g/granlmi01.html,Detroit Red Wings,1,1,0,0,3,32,29,.906,3.01
Joel Blomqvist,blomqjo01,/players/g/granlmi01.html,Edmonton Oilers,1,0,1,0,4,50,46,.920,4.00
Joel Blomqvist,blomqjo01,/players/g/granlmi01.html,Minnesota Wild,1,0,1,0,4,39,35,.897,4.08
Joel Blomqvist,blomqjo01,/players/g/granlmi01.html,New York Rangers,1,0,1,0,4,15,11,.733,4.11
Joel Blomqvist,blomqjo01,/players/g/granlmi01.html,Philadelphia Flyers,2,1,1,0,4,43,39,.907,2.61
Joel Blomqvist,blomqjo01,/players/g/granlmi01.html,Seattle Kraken,1,0,1,0,4,25,21,.840,4.03
Joel Blomqvist,blomqjo01,/players/g/granlmi01.html,Toronto Maple Leafs,2,0,1,1,9,65,56,.862,4.51
Joel Blomqvist,blomqjo01,/players/g/granlmi01.html,Washington Capitals,3,1,1,0,8,82,74,.902,3.31
Tristan Jarry,jarrytr01,/players/g/granlmi01.html,Anaheim Ducks,5,2,2,0,10,115,105,.913,2.38
Tristan Jarry,jarrytr01,/players/g/granlmi01.html,Arizona Coyotes,7,6,1,0,15,172,157,.913,2.12
Tristan Jarry,jarrytr01,/players/g/granlmi01.html,Boston Bruins,16,4,7,3,43,465,422,.908,3.10
Tristan Jarry,jarrytr01,/players/g/granlmi01.html,Buffalo Sabres,13,9,3,0,29,340,311,.915,2.38
Tristan Jarry,jarrytr01,/players/g/granlmi01.html,Calgary Flames,7,4,1,2,14,226,212,.938,1.92
Tristan Jarry,jarrytr01,/players/g/granlmi01.html,Carolina Hurricanes,8,1,4,3,27,285,258,.905,3.39
Tristan Jarry,jarrytr01,/players/g/granlmi01.html,Chicago Blackhawks,4,1,2,1,10,112,102,.911,2.50
Tristan Jarry,jarrytr01,/players/g/granlmi01.html,Colorado Avalanche,8,2,5,0,22,213,191,.897,3.12
Tristan Jarry,jarrytr01,/players/g/granlmi01.html,Columbus Blue Jackets,13,8,2,2,32,374,342,.914,2.64
Tristan Jarry,jarrytr01,/players/g/granlmi01.html,Dallas Stars,4,1,2,1,9,108,99,.917,2.36
Tristan Jarry,jarrytr01,/players/g/granlmi01.html,Detroit Red Wings,4,3,1,0,8,112,104,.929,2.01
Tristan Jarry,jarrytr01,/players/g/granlmi01.html,Edmonton Oilers,5,1,4,0,22,167,145,.868,4.75
Tristan Jarry,jarrytr01,/players/g/granlmi01.html,Florida Panthers,10,4,4,1,30,315,285,.905,3.13
Tristan Jarry,jarrytr01,/players/g/granlmi01.html,Los Angeles Kings,6,2,4,0,19,221,202,.914,3.16
Tristan Jarry,jarrytr01,/players/g/granlmi01.html,Minnesota Wild,4,3,0,1,12,120,108,.900,2.95
Tristan Jarry,jarrytr01,/players/g/granlmi01.html,Montreal Canadiens,11,8,1,1,26,292,266,.911,2.50
Tristan Jarry,jarrytr01,/players/g/granlmi01.html,Nashville Predators,6,4,0,2,14,164,150,.915,2.30
Tristan Jarry,jarrytr01,/players/g/granlmi01.html,New Jersey Devils,16,6,8,2,50,490,440,.898,3.22
Tristan Jarry,jarrytr01,/players/g/granlmi01.html,New York Islanders,16,11,4,1,38,461,423,.918,2.46
Tristan Jarry,jarrytr01,/players/g/granlmi01.html,New York Rangers,19,8,10,0,56,525,469,.893,3.22
Tristan Jarry,jarrytr01,/players/g/granlmi01.html,Ottawa Senators,8,3,2,2,17,219,202,.922,2.43
Tristan Jarry,jarrytr01,/players/g/granlmi01.html,Philadelphia Flyers,19,12,4,2,51,482,431,.894,3.06
Tristan Jarry,jarrytr01,/players/g/granlmi01.html,San Jose Sharks,4,2,1,1,13,122,109,.893,3.24
Tristan Jarry,jarrytr01,/players/g/granlmi01.html,Seattle Kraken,5,1,3,1,10,124,114,.919,2.03
Tristan Jarry,jarrytr01,/players/g/granlmi01.html,St. Louis Blues,7,6,1,0,12,169,157,.929,1.85
Tristan Jarry,jarrytr01,/players/g/granlmi01.html,Tampa Bay Lightning,11,6,4,1,28,348,320,.920,2.54
Tristan Jarry,jarrytr01,/players/g/granlmi01.html,Toronto Maple Leafs,10,6,3,0,23,259,236,.911,2.76
Tristan Jarry,jarrytr01,/players/g/granlmi01.html,Vancouver Canucks,7,5,1,1,16,180,164,.911,2.65
Tristan Jarry,jarrytr01,/players/g/granlmi01.html,Vegas Golden Knights,6,4,2,0,15,190,175,.921,2.52
Tristan Jarry,jarrytr01,/players/g/granlmi01.html,Washington Capitals,13,6,5,1,38,375,337,.899,3.23
Tristan Jarry,jarrytr01,/players/g/granlmi01.html,Winnipeg Jets,7,5,2,0,10,204,194,.951,1.42
Connor Hellebuyck,helleco01,/players/g/granlmi01.html,Anaheim Ducks,17,13,2,2,39,480,441,.919,2.34
Connor Hellebuyck,helleco01,/players/g/granlmi01.html,Arizona Coyotes,17,13,3,0,35,433,398,.919,2.17
Connor Hellebuyck,helleco01,/players/g/granlmi01.html,Boston Bruins,14,6,7,1,35,413,378,.915,2.61
Connor Hellebuyck,helleco01,/players/g/granlmi01.html,Buffalo Sabres,13,7,5,0,29,392,363,.926,2.34
Connor Hellebuyck,helleco01,/players/g/granlmi01.html,Calgary Flames,25,14,8,1,52,708,656,.927,2.20
Connor Hellebuyck,helleco01,/players/g/granlmi01.html,Carolina Hurricanes,9,4,4,0,29,258,229,.888,3.79
Connor Hellebuyck,helleco01,/players/g/granlmi01.html,Chicago Blackhawks,27,19,7,1,59,787,728,.925,2.19
Connor Hellebuyck,helleco01,/players/g/granlmi01.html,Colorado Avalanche,27,16,7,4,72,882,810,.918,2.69
Connor Hellebuyck,helleco01,/players/g/granlmi01.html,Columbus Blue Jackets,7,6,1,0,12,198,186,.939,1.94
Connor Hellebuyck,helleco01,/players/g/granlmi01.html,Dallas Stars,27,12,10,5,70,857,787,.918,2.59
Connor Hellebuyck,helleco01,/players/g/granlmi01.html,Detroit Red Wings,14,7,5,1,36,396,360,.909,2.78
Connor Hellebuyck,helleco01,/players/g/granlmi01.html,Edmonton Oilers,30,14,13,3,87,934,847,.907,3.04
Connor Hellebuyck,helleco01,/players/g/granlmi01.html,Florida Panthers,13,9,4,0,39,434,395,.910,3.05
Connor Hellebuyck,helleco01,/players/g/granlmi01.html,Los Angeles Kings,15,6,8,1,48,490,442,.902,3.20
Connor Hellebuyck,helleco01,/players/g/granlmi01.html,Minnesota Wild,30,15,10,2,70,881,811,.921,2.49
Connor Hellebuyck,helleco01,/players/g/granlmi01.html,Montreal Canadiens,22,13,6,2,59,667,608,.912,2.82
Connor Hellebuyck,helleco01,/players/g/granlmi01.html,Nashville Predators,29,17,9,2,70,962,892,.927,2.42
Connor Hellebuyck,helleco01,/players/g/granlmi01.html,New Jersey Devils,11,8,2,1,26,342,316,.924,2.34
Connor Hellebuyck,helleco01,/players/g/granlmi01.html,New York Islanders,11,5,6,0,32,342,310,.906,3.21
Connor Hellebuyck,helleco01,/players/g/granlmi01.html,New York Rangers,13,7,5,1,37,407,370,.909,2.93
Connor Hellebuyck,helleco01,/players/g/granlmi01.html,Ottawa Senators,18,13,5,0,41,526,485,.922,2.28
Connor Hellebuyck,helleco01,/players/g/granlmi01.html,Philadelphia Flyers,10,3,6,1,25,320,295,.922,2.55
Connor Hellebuyck,helleco01,/players/g/granlmi01.html,Pittsburgh Penguins,14,5,6,3,31,437,406,.929,2.28
Connor Hellebuyck,helleco01,/players/g/granlmi01.html,San Jose Sharks,22,13,6,2,49,672,623,.927,2.27
Connor Hellebuyck,helleco01,/players/g/granlmi01.html,Seattle Kraken,5,4,1,0,11,122,111,.910,2.21
Connor Hellebuyck,helleco01,/players/g/granlmi01.html,St. Louis Blues,24,16,6,2,50,696,646,.928,2.08
Connor Hellebuyck,helleco01,/players/g/granlmi01.html,Tampa Bay Lightning,14,9,3,1,50,438,388,.886,3.73
Connor Hellebuyck,helleco01,/players/g/granlmi01.html,Toronto Maple Leafs,23,8,10,3,66,691,625,.904,3.11
Connor Hellebuyck,helleco01,/players/g/granlmi01.html,Utah Hockey Club,3,2,1,0,6,67,61,.910,2.01
Connor Hellebuyck,helleco01,/players/g/granlmi01.html,Vancouver Canucks,20,15,5,0,37,587,550,.937,1.86
Connor Hellebuyck,helleco01,/players/g/granlmi01.html,Vegas Golden Knights,14,6,4,3,40,457,417,.912,2.99
Connor Hellebuyck,helleco01,/players/g/granlmi01.html,Washington Capitals,13,6,5,2,31,388,357,.920,2.36
Eric Comrie,comrier01,/players/g/granlmi01.html,Anaheim Ducks,2,1,1,0,6,53,47,.887,3.01
Eric Comrie,comrier01,/players/g/granlmi01.html,Arizona Coyotes,2,1,1,0,6,52,46,.885,3.00
Eric Comrie,comrier01,/players/g/granlmi01.html,Buffalo Sabres,1,1,0,0,3,33,30,.909,3.00
Eric Comrie,comrier01,/players/g/granlmi01.html,Calgary Flames,4,3,1,0,10,115,105,.913,2.53
Eric Comrie,comrier01,/players/g/granlmi01.html,Carolina Hurricanes,3,1,2,0,9,111,102,.919,3.03
Eric Comrie,comrier01,/players/g/granlmi01.html,Chicago Blackhawks,2,1,1,0,7,60,53,.883,3.50
Eric Comrie,comrier01,/players/g/granlmi01.html,Colorado Avalanche,1,0,1,0,3,36,33,.917,3.10
Eric Comrie,comrier01,/players/g/granlmi01.html,Columbus Blue Jackets,4,3,1,0,12,124,112,.903,3.03
Eric Comrie,comrier01,/players/g/granlmi01.html,Dallas Stars,2,1,1,0,13,76,63,.829,6.24
Eric Comrie,comrier01,/players/g/granlmi01.html,Detroit Red Wings,2,1,1,0,7,44,37,.841,3.55
Eric Comrie,comrier01,/players/g/granlmi01.html,Edmonton Oilers,1,1,0,0,2,48,46,.958,2.00
Eric Comrie,comrier01,/players/g/granlmi01.html,Florida Panthers,4,0,3,0,14,118,104,.881,4.25
Eric Comrie,comrier01,/players/g/granlmi01.html,Los Angeles Kings,4,2,1,1,9,104,95,.913,2.25
Eric Comrie,comrier01,/players/g/granlmi01.html,Minnesota Wild,2,0,1,0,8,52,44,.846,4.95
Eric Comrie,comrier01,/players/g/granlmi01.html,Montreal Canadiens,3,0,2,1,9,102,93,.912,2.98
Eric Comrie,comrier01,/players/g/granlmi01.html,Nashville Predators,3,0,3,0,9,90,81,.900,3.12
Eric Comrie,comrier01,/players/g/granlmi01.html,New Jersey Devils,3,1,1,0,7,69,62,.899,3.83
Eric Comrie,comrier01,/players/g/granlmi01.html,New York Islanders,3,2,1,0,3,82,79,.963,1.02
Eric Comrie,comrier01,/players/g/granlmi01.html,New York Rangers,1,0,1,0,2,33,31,.939,2.09
Eric Comrie,comrier01,/players/g/granlmi01.html,Ottawa Senators,1,0,1,0,2,24,22,.917,3.68
Eric Comrie,comrier01,/players/g/granlmi01.html,Philadelphia Flyers,1,1,0,0,0,35,35,1.000,0.00
Eric Comrie,comrier01,/players/g/granlmi01.html,Pittsburgh Penguins,3,2,0,0,6,67,61,.910,2.81
Eric Comrie,comrier01,/players/g/granlmi01.html,Seattle Kraken,4,2,2,0,15,99,84,.848,3.79
Eric Comrie,comrier01,/players/g/granlmi01.html,St. Louis Blues,2,2,0,0,4,53,49,.925,1.93
Eric Comrie,comrier01,/players/g/granlmi01.html,Tampa Bay Lightning,6,3,2,0,17,172,155,.901,3.32
Eric Comrie,comrier01,/players/g/granlmi01.html,Toronto Maple Leafs,1,0,1,0,6,37,31,.838,6.13
Eric Comrie,comrier01,/players/g/granlmi01.html,Vancouver Canucks,2,0,1,1,6,65,59,.908,2.93
Eric Comrie,comrier01,/players/g/granlmi01.html,Vegas Golden Knights,2,0,2,0,10,65,55,.846,5.15
Eric Comrie,comrier01,/players/g/granlmi01.html,Winnipeg Jets,3,1,2,0,10,69,59,.855,3.36
Jake Oettinger,oettija01,/players/g/granlmi01.html,Anaheim Ducks,9,8,1,0,17,242,225,.930,1.87
Jake Oettinger,oettija01,/players/g/granlmi01.html,Arizona Coyotes,7,6,1,0,13,176,163,.926,1.86
Jake Oettinger,oettija01,/players/g/granlmi01.html,Boston Bruins,6,2,2,2,14,175,161,.920,2.30
Jake Oettinger,oettija01,/players/g/granlmi01.html,Buffalo Sabres,6,4,1,1,15,187,172,.920,2.53
Jake Oettinger,oettija01,/players/g/granlmi01.html,Calgary Flames,7,3,4,0,28,255,227,.890,3.99
Jake Oettinger,oettija01,/players/g/granlmi01.html,Carolina Hurricanes,10,4,3,2,22,275,253,.920,2.31
Jake Oettinger,oettija01,/players/g/granlmi01.html,Chicago Blackhawks,15,10,2,2,32,387,355,.917,2.29
Jake Oettinger,oettija01,/players/g/granlmi01.html,Colorado Avalanche,9,5,3,1,27,314,287,.914,3.05
Jake Oettinger,oettija01,/players/g/granlmi01.html,Columbus Blue Jackets,11,9,1,1,23,275,252,.916,2.07
Jake Oettinger,oettija01,/players/g/granlmi01.html,Detroit Red Wings,10,8,2,0,24,250,226,.904,2.57
Jake Oettinger,oettija01,/players/g/granlmi01.html,Edmonton Oilers,7,4,2,1,17,199,182,.915,2.44
Jake Oettinger,oettija01,/players/g/granlmi01.html,Florida Panthers,9,1,6,1,29,240,211,.879,3.90
Jake Oettinger,oettija01,/players/g/granlmi01.html,Los Angeles Kings,7,3,3,1,18,222,204,.919,2.58
Jake Oettinger,oettija01,/players/g/granlmi01.html,Minnesota Wild,10,6,0,2,21,236,215,.911,2.37
Jake Oettinger,oettija01,/players/g/granlmi01.html,Montreal Canadiens,7,5,2,0,17,182,165,.907,2.48
Jake Oettinger,oettija01,/players/g/granlmi01.html,Nashville Predators,11,6,3,2,25,303,278,.917,2.33
Jake Oettinger,oettija01,/players/g/granlmi01.html,New Jersey Devils,3,0,2,1,10,62,52,.839,4.18
Jake Oettinger,oettija01,/players/g/granlmi01.html,New York Islanders,6,5,1,0,11,173,162,.936,1.82
Jake Oettinger,oettija01,/players/g/granlmi01.html,New York Rangers,5,1,2,1,16,124,108,.871,3.62
Jake Oettinger,oettija01,/players/g/granlmi01.html,Ottawa Senators,4,2,1,0,10,57,47,.825,3.72
Jake Oettinger,oettija01,/players/g/granlmi01.html,Philadelphia Flyers,4,3,1,0,8,134,126,.940,2.00
Jake Oettinger,oettija01,/players/g/granlmi01.html,Pittsburgh Penguins,6,5,1,0,10,178,168,.944,1.67
Jake Oettinger,oettija01,/players/g/granlmi01.html,San Jose Sharks,8,6,2,0,24,193,169,.876,2.97
Jake Oettinger,oettija01,/players/g/granlmi01.html,Seattle Kraken,8,6,1,1,18,215,197,.916,2.25
Jake Oettinger,oettija01,/players/g/granlmi01.html,St. Louis Blues,7,6,1,0,11,198,187,.944,1.53
Jake Oettinger,oettija01,/players/g/granlmi01.html,Tampa Bay Lightning,9,3,3,2,24,236,212,.898,2.86
Jake Oettinger,oettija01,/players/g/granlmi01.html,Toronto Maple Leafs,4,1,3,0,11,107,96,.897,3.04
Jake Oettinger,oettija01,/players/g/granlmi01.html,Utah Hockey Club,1,1,0,0,2,35,33,.943,1.90
Jake Oettinger,oettija01,/players/g/granlmi01.html,Vancouver Canucks,6,2,3,1,18,155,137,.884,3.31
Jake Oettinger,oettija01,/players/g/granlmi01.html,Vegas Golden Knights,10,6,2,2,24,289,265,.917,2.33
Jake Oettinger,oettija01,/players/g/granlmi01.html,Washington Capitals,6,5,0,0,8,167,159,.952,1.49
Jake Oettinger,oettija01,/players/g/granlmi01.html,Winnipeg Jets,9,6,2,1,19,227,208,.916,2.23
Casey DeSmith,desmica01,/players/g/granlmi01.html,Anaheim Ducks,6,4,2,0,14,173,159,.919,2.36
Casey DeSmith,desmica01,/players/g/granlmi01.html,Arizona Coyotes,2,2,0,0,1,63,62,.984,0.50
Casey DeSmith,desmica01,/players/g/granlmi01.html,Boston Bruins,9,4,4,0,21,276,255,.924,2.72
Casey DeSmith,desmica01,/players/g/granlmi01.html,Buffalo Sabres,10,6,2,2,20,296,276,.932,1.99
Casey DeSmith,desmica01,/players/g/granlmi01.html,Calgary Flames,5,1,3,0,14,140,126,.900,3.26
Casey DeSmith,desmica01,/players/g/granlmi01.html,Carolina Hurricanes,4,1,2,1,9,142,133,.937,2.26
Casey DeSmith,desmica01,/players/g/granlmi01.html,Chicago Blackhawks,4,1,3,0,17,115,98,.852,4.31
Casey DeSmith,desmica01,/players/g/granlmi01.html,Colorado Avalanche,4,2,1,1,14,157,143,.911,3.45
Casey DeSmith,desmica01,/players/g/granlmi01.html,Columbus Blue Jackets,7,5,0,1,15,209,194,.928,2.47
Casey DeSmith,desmica01,/players/g/granlmi01.html,Dallas Stars,4,2,2,0,7,103,96,.932,1.78
Casey DeSmith,desmica01,/players/g/granlmi01.html,Detroit Red Wings,5,1,1,3,19,155,136,.877,3.73
Casey DeSmith,desmica01,/players/g/granlmi01.html,Edmonton Oilers,5,2,1,0,9,134,125,.933,2.60
Casey DeSmith,desmica01,/players/g/granlmi01.html,Florida Panthers,6,2,2,2,24,222,198,.892,3.90
Casey DeSmith,desmica01,/players/g/granlmi01.html,Los Angeles Kings,5,1,4,0,17,116,99,.853,3.97
Casey DeSmith,desmica01,/players/g/granlmi01.html,Minnesota Wild,7,5,1,1,18,213,195,.915,2.53
Casey DeSmith,desmica01,/players/g/granlmi01.html,Montreal Canadiens,7,3,2,2,16,203,187,.921,2.37
Casey DeSmith,desmica01,/players/g/granlmi01.html,Nashville Predators,3,2,1,0,7,87,80,.920,2.31
Casey DeSmith,desmica01,/players/g/granlmi01.html,New Jersey Devils,9,4,3,0,20,263,243,.924,2.60
Casey DeSmith,desmica01,/players/g/granlmi01.html,New York Islanders,9,4,2,1,22,230,208,.904,2.67
Casey DeSmith,desmica01,/players/g/granlmi01.html,New York Rangers,9,3,2,2,26,206,180,.874,3.51
Casey DeSmith,desmica01,/players/g/granlmi01.html,Ottawa Senators,9,4,3,2,23,265,242,.913,2.70
Casey DeSmith,desmica01,/players/g/granlmi01.html,Philadelphia Flyers,8,4,3,0,20,220,200,.909,2.68
Casey DeSmith,desmica01,/players/g/granlmi01.html,San Jose Sharks,7,3,4,0,24,215,191,.888,3.49
Casey DeSmith,desmica01,/players/g/granlmi01.html,Seattle Kraken,3,2,1,0,3,83,80,.964,1.01
Casey DeSmith,desmica01,/players/g/granlmi01.html,St. Louis Blues,4,1,0,1,8,80,72,.900,2.50
Casey DeSmith,desmica01,/players/g/granlmi01.html,Tampa Bay Lightning,2,1,1,0,8,63,55,.873,4.05
Casey DeSmith,desmica01,/players/g/granlmi01.html,Toronto Maple Leafs,7,1,3,0,11,129,118,.915,2.57
Casey DeSmith,desmica01,/players/g/granlmi01.html,Utah Hockey Club,2,2,0,0,3,63,60,.952,1.51
Casey DeSmith,desmica01,/players/g/granlmi01.html,Vancouver Canucks,3,1,0,1,6,60,54,.900,2.82
Casey DeSmith,desmica01,/players/g/granlmi01.html,Vegas Golden Knights,4,1,3,0,19,132,113,.856,4.82
Casey DeSmith,desmica01,/players/g/granlmi01.html,Washington Capitals,8,4,3,1,20,225,205,.911,2.47
Casey DeSmith,desmica01,/players/g/granlmi01.html,Winnipeg Jets,4,1,0,0,6,62,56,.903,2.17
Filip Gustavsson,gustafi01,/players/g/granlmi01.html,Anaheim Ducks,6,5,1,0,11,179,168,.939,1.82
Filip Gustavsson,gustafi01,/players/g/granlmi01.html,Arizona Coyotes,3,0,2,1,14,55,41,.745,5.60
Filip Gustavsson,gustafi01,/players/g/granlmi01.html,Boston Bruins,2,1,1,0,4,65,61,.938,2.03
Filip Gustavsson,gustafi01,/players/g/granlmi01.html,Buffalo Sabres,3,1,1,1,6,92,86,.935,2.00
Filip Gustavsson,gustafi01,/players/g/granlmi01.html,Calgary Flames,8,5,0,2,11,233,222,.953,1.43
Filip Gustavsson,gustafi01,/players/g/granlmi01.html,Carolina Hurricanes,5,4,1,0,7,150,143,.953,1.40
Filip Gustavsson,gustafi01,/players/g/granlmi01.html,Chicago Blackhawks,6,5,0,1,11,159,148,.931,1.83
Filip Gustavsson,gustafi01,/players/g/granlmi01.html,Colorado Avalanche,9,1,7,1,37,308,271,.880,4.16
Filip Gustavsson,gustafi01,/players/g/granlmi01.html,Columbus Blue Jackets,4,3,0,1,9,145,136,.938,2.18
Filip Gustavsson,gustafi01,/players/g/granlmi01.html,Dallas Stars,6,4,2,0,11,208,197,.947,1.83
Filip Gustavsson,gustafi01,/players/g/granlmi01.html,Detroit Red Wings,5,2,3,0,12,108,96,.889,2.45
Filip Gustavsson,gustafi01,/players/g/granlmi01.html,Edmonton Oilers,4,2,2,0,16,133,117,.880,4.41
Filip Gustavsson,gustafi01,/players/g/granlmi01.html,Florida Panthers,6,3,2,1,13,180,167,.928,2.34
Filip Gustavsson,gustafi01,/players/g/granlmi01.html,Los Angeles Kings,7,2,4,0,15,188,173,.920,2.46
Filip Gustavsson,gustafi01,/players/g/granlmi01.html,Minnesota Wild,1,0,0,1,5,43,38,.884,4.87
Filip Gustavsson,gustafi01,/players/g/granlmi01.html,Montreal Canadiens,5,2,2,1,15,148,133,.899,2.93
Filip Gustavsson,gustafi01,/players/g/granlmi01.html,Nashville Predators,7,4,2,1,22,217,195,.899,3.13
Filip Gustavsson,gustafi01,/players/g/granlmi01.html,New Jersey Devils,3,2,1,0,8,115,107,.930,2.55
Filip Gustavsson,gustafi01,/players/g/granlmi01.html,New York Islanders,4,3,1,0,10,122,112,.918,2.47
Filip Gustavsson,gustafi01,/players/g/granlmi01.html,New York Rangers,2,0,1,0,5,37,32,.865,4.58
Filip Gustavsson,gustafi01,/players/g/granlmi01.html,Ottawa Senators,4,1,2,1,11,147,136,.925,2.71
Filip Gustavsson,gustafi01,/players/g/granlmi01.html,Philadelphia Flyers,2,0,2,0,12,57,45,.789,6.09
Filip Gustavsson,gustafi01,/players/g/granlmi01.html,Pittsburgh Penguins,4,1,3,0,15,118,103,.873,4.04
Filip Gustavsson,gustafi01,/players/g/granlmi01.html,San Jose Sharks,4,2,1,1,10,103,93,.903,2.47
Filip Gustavsson,gustafi01,/players/g/granlmi01.html,Seattle Kraken,1,1,0,0,0,24,24,1.000,0.00
Filip Gustavsson,gustafi01,/players/g/granlmi01.html,St. Louis Blues,6,4,1,0,13,157,144,.917,2.43
Filip Gustavsson,gustafi01,/players/g/granlmi01.html,Tampa Bay Lightning,3,2,1,0,11,103,92,.893,3.71
Filip Gustavsson,gustafi01,/players/g/granlmi01.html,Toronto Maple Leafs,5,3,1,1,14,151,137,.907,2.78
Filip Gustavsson,gustafi01,/players/g/granlmi01.html,Utah Hockey Club,2,1,1,0,8,54,46,.852,3.88
Filip Gustavsson,gustafi01,/players/g/granlmi01.html,Vancouver Canucks,8,4,2,1,19,216,197,.912,2.64
Filip Gustavsson,gustafi01,/players/g/granlmi01.html,Vegas Golden Knights,6,1,3,1,15,169,154,.911,2.76
Filip Gustavsson,gustafi01,/players/g/granlmi01.html,Washington Capitals,3,2,1,0,8,84,76,.905,2.98
Filip Gustavsson,gustafi01,/players/g/granlmi01.html,Winnipeg Jets,7,4,2,1,13,207,194,.937,1.95
Jesper Wallstedt,wallsje01,/players/g/granlmi01.html,Chicago Blackhawks,1,1,0,0,0,24,24,1.000,0.00
Jesper Wallstedt,wallsje01,/players/g/granlmi01.html,Dallas Stars,1,0,1,0,7,34,27,.794,7.00
Jesper Wallstedt,wallsje01,/players/g/granlmi01.html,San Jose Sharks,1,1,0,0,2,29,27,.931,2.00
Jesper Wallstedt,wallsje01,/players/g/granlmi01.html,Vegas Golden Knights,1,0,1,0,3,27,24,.889,3.12
Jesper Wallstedt,wallsje01,/players/g/granlmi01.html,Winnipeg Jets,1,0,1,0,5,24,19,.792,5.02
Marc-André Fleury,fleurma01,/players/g/granlmi01.html,Anaheim Ducks,28,23,5,0,51,750,699,.932,1.82
Marc-André Fleury,fleurma01,/players/g/granlmi01.html,Arizona Coyotes,34,20,10,1,67,876,809,.924,2.08
Marc-André Fleury,fleurma01,/players/g/granlmi01.html,Boston Bruins,32,14,10,7,80,986,906,.919,2.50
Marc-André Fleury,fleurma01,/players/g/granlmi01.html,Buffalo Sabres,36,23,7,4,78,980,902,.920,2.21
Marc-André Fleury,fleurma01,/players/g/granlmi01.html,Calgary Flames,24,14,8,1,51,693,642,.926,2.25
Marc-André Fleury,fleurma01,/players/g/granlmi01.html,Carolina Hurricanes,37,19,11,6,88,1021,933,.914,2.53
Marc-André Fleury,fleurma01,/players/g/granlmi01.html,Chicago Blackhawks,26,15,6,5,65,790,725,.918,2.45
Marc-André Fleury,fleurma01,/players/g/granlmi01.html,Colorado Avalanche,33,17,12,3,79,943,864,.916,2.48
Marc-André Fleury,fleurma01,/players/g/granlmi01.html,Columbus Blue Jackets,26,15,7,2,58,738,680,.921,2.32
Marc-André Fleury,fleurma01,/players/g/granlmi01.html,Dallas Stars,22,13,8,1,56,660,604,.915,2.52
Marc-André Fleury,fleurma01,/players/g/granlmi01.html,Detroit Red Wings,23,13,9,1,75,707,632,.894,3.30
Marc-André Fleury,fleurma01,/players/g/granlmi01.html,Edmonton Oilers,25,17,6,1,60,743,683,.919,2.47
Marc-André Fleury,fleurma01,/players/g/granlmi01.html,Florida Panthers,33,18,11,2,73,894,821,.918,2.42
Marc-André Fleury,fleurma01,/players/g/granlmi01.html,Los Angeles Kings,29,12,12,4,78,856,778,.909,2.78
Marc-André Fleury,fleurma01,/players/g/granlmi01.html,Minnesota Wild,22,7,15,0,66,590,524,.888,3.28
Marc-André Fleury,fleurma01,/players/g/granlmi01.html,Montreal Canadiens,48,28,13,6,133,1402,1269,.905,2.85
Marc-André Fleury,fleurma01,/players/g/granlmi01.html,Nashville Predators,24,12,10,2,57,651,594,.912,2.44
Marc-André Fleury,fleurma01,/players/g/granlmi01.html,New Jersey Devils,55,24,26,5,130,1515,1385,.914,2.49
Marc-André Fleury,fleurma01,/players/g/granlmi01.html,New York Islanders,49,29,12,6,113,1396,1283,.919,2.38
Marc-André Fleury,fleurma01,/players/g/granlmi01.html,New York Rangers,66,34,21,10,183,1954,1771,.906,2.81
Marc-André Fleury,fleurma01,/players/g/granlmi01.html,Ottawa Senators,38,21,10,2,108,1094,986,.901,3.11
Marc-André Fleury,fleurma01,/players/g/granlmi01.html,Philadelphia Flyers,62,33,19,4,167,1702,1535,.902,2.86
Marc-André Fleury,fleurma01,/players/g/granlmi01.html,Pittsburgh Penguins,10,6,4,0,28,295,267,.905,3.04
Marc-André Fleury,fleurma01,/players/g/granlmi01.html,San Jose Sharks,29,20,5,4,53,888,835,.940,1.85
Marc-André Fleury,fleurma01,/players/g/granlmi01.html,Seattle Kraken,9,5,2,2,21,277,256,.924,2.30
Marc-André Fleury,fleurma01,/players/g/granlmi01.html,St. Louis Blues,29,12,13,4,78,873,795,.911,2.77
Marc-André Fleury,fleurma01,/players/g/granlmi01.html,Tampa Bay Lightning,46,22,16,4,114,1168,1054,.902,2.67
Marc-André Fleury,fleurma01,/players/g/granlmi01.html,Toronto Maple Leafs,39,19,13,5,112,1072,960,.896,3.03
Marc-André Fleury,fleurma01,/players/g/granlmi01.html,Utah Hockey Club,2,0,2,0,8,49,41,.837,4.08
Marc-André Fleury,fleurma01,/players/g/granlmi01.html,Vancouver Canucks,21,16,3,2,51,587,536,.913,2.55
Marc-André Fleury,fleurma01,/players/g/granlmi01.html,Vegas Golden Knights,4,1,3,0,16,126,110,.873,4.41
Marc-André Fleury,fleurma01,/players/g/granlmi01.html,Washington Capitals,47,28,14,3,122,1379,1257,.912,2.64
Marc-André Fleury,fleurma01,/players/g/granlmi01.html,Winnipeg Jets,38,23,14,0,101,1069,968,.906,2.71
Alexandar Georgiev,georgal01,/players/g/granlmi01.html,Anaheim Ducks,7,7,0,0,14,151,137,.907,1.96
Alexandar Georgiev,georgal01,/players/g/granlmi01.html,Arizona Coyotes,10,5,1,3,27,257,230,.895,2.80
Alexandar Georgiev,georgal01,/players/g/granlmi01.html,Boston Bruins,12,3,6,1,33,304,271,.891,3.44
Alexandar Georgiev,georgal01,/players/g/granlmi01.html,Buffalo Sabres,11,5,4,0,32,285,253,.888,3.28
Alexandar Georgiev,georgal01,/players/g/granlmi01.html,Calgary Flames,5,2,2,0,15,153,138,.902,3.23
Alexandar Georgiev,georgal01,/players/g/granlmi01.html,Carolina Hurricanes,7,4,3,0,28,247,219,.887,4.05
Alexandar Georgiev,georgal01,/players/g/granlmi01.html,Chicago Blackhawks,7,5,2,0,12,161,149,.925,1.73
Alexandar Georgiev,georgal01,/players/g/granlmi01.html,Colorado Avalanche,4,0,3,1,17,137,120,.876,4.33
Alexandar Georgiev,georgal01,/players/g/granlmi01.html,Columbus Blue Jackets,12,6,3,1,31,360,329,.914,2.95
Alexandar Georgiev,georgal01,/players/g/granlmi01.html,Dallas Stars,11,6,4,0,30,304,274,.901,3.05
Alexandar Georgiev,georgal01,/players/g/granlmi01.html,Detroit Red Wings,5,5,0,0,11,147,136,.925,2.19
Alexandar Georgiev,georgal01,/players/g/granlmi01.html,Edmonton Oilers,11,5,3,3,38,389,351,.902,3.51
Alexandar Georgiev,georgal01,/players/g/granlmi01.html,Florida Panthers,7,3,4,0,25,222,197,.887,4.25
Alexandar Georgiev,georgal01,/players/g/granlmi01.html,Los Angeles Kings,8,4,3,1,21,251,230,.916,2.63
Alexandar Georgiev,georgal01,/players/g/granlmi01.html,Minnesota Wild,9,6,3,0,25,274,249,.909,2.75
Alexandar Georgiev,georgal01,/players/g/granlmi01.html,Montreal Canadiens,11,4,6,1,37,340,303,.891,3.38
Alexandar Georgiev,georgal01,/players/g/granlmi01.html,Nashville Predators,12,6,5,0,34,347,313,.902,3.00
Alexandar Georgiev,georgal01,/players/g/granlmi01.html,New Jersey Devils,11,7,2,0,25,247,222,.899,2.75
Alexandar Georgiev,georgal01,/players/g/granlmi01.html,New York Islanders,17,11,6,0,41,496,455,.917,2.53
Alexandar Georgiev,georgal01,/players/g/granlmi01.html,New York Rangers,4,1,0,3,7,129,122,.946,1.64
Alexandar Georgiev,georgal01,/players/g/granlmi01.html,Ottawa Senators,4,3,1,0,13,135,122,.904,3.26
Alexandar Georgiev,georgal01,/players/g/granlmi01.html,Philadelphia Flyers,11,6,5,0,25,334,309,.925,2.28
Alexandar Georgiev,georgal01,/players/g/granlmi01.html,Pittsburgh Penguins,11,4,5,1,40,341,301,.883,4.23
Alexandar Georgiev,georgal01,/players/g/granlmi01.html,San Jose Sharks,8,7,0,0,12,153,141,.922,1.63
Alexandar Georgiev,georgal01,/players/g/granlmi01.html,Seattle Kraken,4,2,0,1,7,114,107,.939,1.95
Alexandar Georgiev,georgal01,/players/g/granlmi01.html,St. Louis Blues,9,4,3,1,25,262,237,.905,2.99
Alexandar Georgiev,georgal01,/players/g/granlmi01.html,Tampa Bay Lightning,8,2,2,2,23,223,200,.897,3.54
Alexandar Georgiev,georgal01,/players/g/granlmi01.html,Toronto Maple Leafs,10,6,4,0,31,352,321,.912,3.19
Alexandar Georgiev,georgal01,/players/g/granlmi01.html,Utah Hockey Club,1,0,1,0,2,26,24,.923,2.04
Alexandar Georgiev,georgal01,/players/g/granlmi01.html,Vancouver Canucks,7,4,3,0,16,206,190,.922,2.32
Alexandar Georgiev,georgal01,/players/g/granlmi01.html,Vegas Golden Knights,14,5,7,2,40,427,387,.906,2.91
Alexandar Georgiev,georgal01,/players/g/granlmi01.html,Washington Capitals,13,7,5,1,34,373,339,.909,2.79
Alexandar Georgiev,georgal01,/players/g/granlmi01.html,Winnipeg Jets,8,2,5,1,24,201,177,.881,3.34
Mackenzie Blackwood,blackma01,/players/g/granlmi01.html,Anaheim Ducks,6,3,3,0,15,178,163,.916,2.54
Mackenzie Blackwood,blackma01,/players/g/granlmi01.html,Arizona Coyotes,7,2,4,0,19,154,135,.877,3.04
Mackenzie Blackwood,blackma01,/players/g/granlmi01.html,Boston Bruins,14,6,6,2,36,475,439,.924,2.58
Mackenzie Blackwood,blackma01,/players/g/granlmi01.html,Buffalo Sabres,9,4,4,0,27,240,213,.888,3.43
Mackenzie Blackwood,blackma01,/players/g/granlmi01.html,Calgary Flames,6,2,3,1,24,216,192,.889,4.00
Mackenzie Blackwood,blackma01,/players/g/granlmi01.html,Carolina Hurricanes,5,2,1,1,14,160,146,.913,3.17
Mackenzie Blackwood,blackma01,/players/g/granlmi01.html,Chicago Blackhawks,6,4,0,2,13,165,152,.921,2.11
Mackenzie Blackwood,blackma01,/players/g/granlmi01.html,Colorado Avalanche,4,0,2,1,10,132,122,.924,2.84
Mackenzie Blackwood,blackma01,/players/g/granlmi01.html,Columbus Blue Jackets,6,2,2,0,11,182,171,.940,2.21
Mackenzie Blackwood,blackma01,/players/g/granlmi01.html,Dallas Stars,5,0,4,1,18,183,165,.902,3.60
Mackenzie Blackwood,blackma01,/players/g/granlmi01.html,Detroit Red Wings,5,2,2,0,16,132,116,.879,3.53
Mackenzie Blackwood,blackma01,/players/g/granlmi01.html,Edmonton Oilers,6,3,1,1,20,173,153,.884,3.59
Mackenzie Blackwood,blackma01,/players/g/granlmi01.html,Florida Panthers,8,4,4,0,22,287,265,.923,2.99
Mackenzie Blackwood,blackma01,/players/g/granlmi01.html,Los Angeles Kings,6,2,2,2,12,198,186,.939,2.02
Mackenzie Blackwood,blackma01,/players/g/granlmi01.html,Minnesota Wild,7,2,4,1,21,205,184,.898,3.00
Mackenzie Blackwood,blackma01,/players/g/granlmi01.html,Montreal Canadiens,6,4,0,2,14,203,189,.931,2.26
Mackenzie Blackwood,blackma01,/players/g/granlmi01.html,Nashville Predators,5,1,3,1,20,170,150,.882,4.03
Mackenzie Blackwood,blackma01,/players/g/granlmi01.html,New Jersey Devils,3,2,0,0,1,80,79,.988,0.44
Mackenzie Blackwood,blackma01,/players/g/granlmi01.html,New York Islanders,10,4,5,1,27,304,277,.911,2.70
Mackenzie Blackwood,blackma01,/players/g/granlmi01.html,New York Rangers,18,8,9,0,60,554,494,.892,3.52
Mackenzie Blackwood,blackma01,/players/g/granlmi01.html,Ottawa Senators,8,3,3,2,28,222,194,.874,3.42
Mackenzie Blackwood,blackma01,/players/g/granlmi01.html,Philadelphia Flyers,14,10,2,2,31,425,394,.927,2.25
Mackenzie Blackwood,blackma01,/players/g/granlmi01.html,Pittsburgh Penguins,9,2,6,1,29,272,243,.893,3.68
Mackenzie Blackwood,blackma01,/players/g/granlmi01.html,San Jose Sharks,4,3,1,0,8,123,115,.935,2.01
Mackenzie Blackwood,blackma01,/players/g/granlmi01.html,Seattle Kraken,7,4,1,1,15,207,192,.928,2.26
Mackenzie Blackwood,blackma01,/players/g/granlmi01.html,St. Louis Blues,5,2,2,1,12,154,142,.922,2.43
Mackenzie Blackwood,blackma01,/players/g/granlmi01.html,Tampa Bay Lightning,4,1,2,0,15,99,84,.848,4.80
Mackenzie Blackwood,blackma01,/players/g/granlmi01.html,Toronto Maple Leafs,4,0,1,1,14,105,91,.867,4.68
Mackenzie Blackwood,blackma01,/players/g/granlmi01.html,Utah Hockey Club,2,2,0,0,5,58,53,.914,2.48
Mackenzie Blackwood,blackma01,/players/g/granlmi01.html,Vancouver Canucks,11,5,5,0,25,289,264,.913,2.39
Mackenzie Blackwood,blackma01,/players/g/granlmi01.html,Vegas Golden Knights,4,0,4,0,15,117,102,.872,3.80
Mackenzie Blackwood,blackma01,/players/g/granlmi01.html,Washington Capitals,15,4,9,1,47,407,360,.885,3.40
Mackenzie Blackwood,blackma01,/players/g/granlmi01.html,Winnipeg Jets,11,4,3,2,24,241,217,.900,2.85
Justus Annunen,annunju01,/players/g/granlmi01.html,Buffalo Sabres,2,1,1,0,8,56,48,.857,4.09
Justus Annunen,annunju01,/players/g/granlmi01.html,Calgary Flames,2,2,0,0,3,59,56,.949,1.50
Justus Annunen,annunju01,/players/g/granlmi01.html,Chicago Blackhawks,2,2,0,0,0,61,61,1.000,0.00
Justus Annunen,annunju01,/players/g/granlmi01.html,Columbus Blue Jackets,2,0,2,0,5,37,32,.865,3.18
Justus Annunen,annunju01,/players/g/granlmi01.html,Dallas Stars,1,1,0,0,1,36,35,.972,1.00
Justus Annunen,annunju01,/players/g/granlmi01.html,Detroit Red Wings,1,0,0,1,2,30,28,.933,1.88
Justus Annunen,annunju01,/players/g/granlmi01.html,Edmonton Oilers,1,1,0,0,1,26,25,.962,1.00
Justus Annunen,annunju01,/players/g/granlmi01.html,Los Angeles Kings,1,1,0,0,2,24,22,.917,1.97
Justus Annunen,annunju01,/players/g/granlmi01.html,Minnesota Wild,2,1,1,0,7,84,77,.917,3.62
Justus Annunen,annunju01,/players/g/granlmi01.html,Montreal Canadiens,2,0,2,0,4,56,52,.929,2.04
Justus Annunen,annunju01,/players/g/granlmi01.html,Nashville Predators,2,1,1,0,3,46,43,.935,1.85
Justus Annunen,annunju01,/players/g/granlmi01.html,New Jersey Devils,3,0,3,0,15,94,79,.840,5.10
Justus Annunen,annunju01,/players/g/granlmi01.html,New York Rangers,1,0,1,0,4,34,30,.882,4.00
Justus Annunen,annunju01,/players/g/granlmi01.html,Ottawa Senators,3,2,0,1,10,89,79,.888,3.82
Justus Annunen,annunju01,/players/g/granlmi01.html,Philadelphia Flyers,2,2,0,0,7,58,51,.879,3.52
Justus Annunen,annunju01,/players/g/granlmi01.html,San Jose Sharks,3,3,0,0,7,77,70,.909,2.63
Justus Annunen,annunju01,/players/g/granlmi01.html,Seattle Kraken,2,2,0,0,5,47,42,.894,2.50
Justus Annunen,annunju01,/players/g/granlmi01.html,St. Louis Blues,3,2,0,0,5,66,61,.924,2.14
Justus Annunen,annunju01,/players/g/granlmi01.html,Tampa Bay Lightning,2,0,2,0,9,53,44,.830,6.16
Justus Annunen,annunju01,/players/g/granlmi01.html,Utah Hockey Club,1,1,0,0,1,26,25,.962,1.00
Justus Annunen,annunju01,/players/g/granlmi01.html,Vegas Golden Knights,2,1,0,0,5,26,21,.808,3.99
Justus Annunen,annunju01,/players/g/granlmi01.html,Washington Capitals,1,0,1,0,3,6,3,.500,8.23
Justus Annunen,annunju01,/players/g/granlmi01.html,Winnipeg Jets,1,0,0,0,3,11,8,.727,4.03
Scott Wedgewood,wedgesc01,/players/g/granlmi01.html,Anaheim Ducks,3,2,1,0,9,96,87,.906,3.01
Scott Wedgewood,wedgesc01,/players/g/granlmi01.html,Arizona Coyotes,2,1,0,1,6,67,61,.910,2.96
Scott Wedgewood,wedgesc01,/players/g/granlmi01.html,Boston Bruins,5,1,4,0,13,165,152,.921,2.65
Scott Wedgewood,wedgesc01,/players/g/granlmi01.html,Buffalo Sabres,4,1,1,1,11,88,77,.875,3.08
Scott Wedgewood,wedgesc01,/players/g/granlmi01.html,Calgary Flames,4,0,3,1,15,138,123,.891,4.03
Scott Wedgewood,wedgesc01,/players/g/granlmi01.html,Carolina Hurricanes,4,1,2,1,15,142,127,.894,3.69
Scott Wedgewood,wedgesc01,/players/g/granlmi01.html,Chicago Blackhawks,6,2,3,0,13,150,137,.913,2.38
Scott Wedgewood,wedgesc01,/players/g/granlmi01.html,Colorado Avalanche,4,1,1,1,14,119,105,.882,3.92
Scott Wedgewood,wedgesc01,/players/g/granlmi01.html,Columbus Blue Jackets,5,2,1,2,14,164,150,.915,2.70
Scott Wedgewood,wedgesc01,/players/g/granlmi01.html,Dallas Stars,6,2,4,0,18,162,144,.889,3.04
Scott Wedgewood,wedgesc01,/players/g/granlmi01.html,Detroit Red Wings,3,1,1,0,5,80,75,.938,2.16
Scott Wedgewood,wedgesc01,/players/g/granlmi01.html,Edmonton Oilers,6,2,2,2,19,232,213,.918,3.14
Scott Wedgewood,wedgesc01,/players/g/granlmi01.html,Florida Panthers,3,1,2,0,11,80,69,.863,4.38
Scott Wedgewood,wedgesc01,/players/g/granlmi01.html,Los Angeles Kings,7,5,2,0,15,214,199,.930,2.15
Scott Wedgewood,wedgesc01,/players/g/granlmi01.html,Minnesota Wild,5,1,1,2,11,110,99,.900,2.94
Scott Wedgewood,wedgesc01,/players/g/granlmi01.html,Montreal Canadiens,1,0,1,0,4,18,14,.778,4.45
Scott Wedgewood,wedgesc01,/players/g/granlmi01.html,Nashville Predators,5,2,2,0,9,94,85,.904,2.12
Scott Wedgewood,wedgesc01,/players/g/granlmi01.html,New Jersey Devils,6,4,0,0,5,144,139,.965,1.02
Scott Wedgewood,wedgesc01,/players/g/granlmi01.html,New York Islanders,6,1,2,3,16,188,172,.915,2.60
Scott Wedgewood,wedgesc01,/players/g/granlmi01.html,New York Rangers,5,1,3,0,13,112,99,.884,3.42
Scott Wedgewood,wedgesc01,/players/g/granlmi01.html,Ottawa Senators,5,3,1,0,15,167,152,.910,3.47
Scott Wedgewood,wedgesc01,/players/g/granlmi01.html,Philadelphia Flyers,5,2,3,0,18,149,131,.879,3.59
Scott Wedgewood,wedgesc01,/players/g/granlmi01.html,Pittsburgh Penguins,7,3,2,0,15,206,191,.927,2.62
Scott Wedgewood,wedgesc01,/players/g/granlmi01.html,San Jose Sharks,6,3,1,2,23,164,141,.860,4.15
Scott Wedgewood,wedgesc01,/players/g/granlmi01.html,Seattle Kraken,2,2,0,0,5,67,62,.925,2.50
Scott Wedgewood,wedgesc01,/players/g/granlmi01.html,St. Louis Blues,5,3,1,1,11,142,131,.923,2.21
Scott Wedgewood,wedgesc01,/players/g/granlmi01.html,Tampa Bay Lightning,2,1,1,0,2,55,53,.964,1.00
Scott Wedgewood,wedgesc01,/players/g/granlmi01.html,Toronto Maple Leafs,6,1,3,2,25,208,183,.880,4.15
Scott Wedgewood,wedgesc01,/players/g/granlmi01.html,Utah Hockey Club,1,0,1,0,3,22,19,.864,3.26
Scott Wedgewood,wedgesc01,/players/g/granlmi01.html,Vancouver Canucks,2,1,0,0,4,31,27,.871,2.60
Scott Wedgewood,wedgesc01,/players/g/granlmi01.html,Vegas Golden Knights,3,1,1,1,7,106,99,.934,2.75
Scott Wedgewood,wedgesc01,/players/g/granlmi01.html,Washington Capitals,7,2,2,3,23,198,175,.884,3.17
Scott Wedgewood,wedgesc01,/players/g/granlmi01.html,Winnipeg Jets,4,1,2,0,11,119,108,.908,3.10
Kaapo Kähkönen,kahkoka01,/players/g/granlmi01.html,Anaheim Ducks,11,5,2,4,34,334,300,.898,3.04
Kaapo Kähkönen,kahkoka01,/players/g/granlmi01.html,Arizona Coyotes,8,6,2,0,13,212,199,.939,1.79
Kaapo Kähkönen,kahkoka01,/players/g/granlmi01.html,Boston Bruins,2,1,1,0,5,74,69,.932,2.59
Kaapo Kähkönen,kahkoka01,/players/g/granlmi01.html,Buffalo Sabres,4,0,4,0,13,136,123,.904,3.32
Kaapo Kähkönen,kahkoka01,/players/g/granlmi01.html,Calgary Flames,5,0,4,0,16,140,124,.886,3.95
Kaapo Kähkönen,kahkoka01,/players/g/granlmi01.html,Carolina Hurricanes,1,0,1,0,3,40,37,.925,3.00
Kaapo Kähkönen,kahkoka01,/players/g/granlmi01.html,Chicago Blackhawks,7,4,2,1,19,208,189,.909,2.67
Kaapo Kähkönen,kahkoka01,/players/g/granlmi01.html,Colorado Avalanche,9,1,6,2,35,308,273,.886,4.40
Kaapo Kähkönen,kahkoka01,/players/g/granlmi01.html,Columbus Blue Jackets,5,1,2,2,18,169,151,.893,3.52
Kaapo Kähkönen,kahkoka01,/players/g/granlmi01.html,Dallas Stars,4,0,2,1,17,101,84,.832,5.99
Kaapo Kähkönen,kahkoka01,/players/g/granlmi01.html,Detroit Red Wings,3,2,1,0,9,75,66,.880,3.74
Kaapo Kähkönen,kahkoka01,/players/g/granlmi01.html,Edmonton Oilers,5,2,2,0,20,165,145,.879,4.29
Kaapo Kähkönen,kahkoka01,/players/g/granlmi01.html,Florida Panthers,2,1,1,0,4,86,82,.953,2.02
Kaapo Kähkönen,kahkoka01,/players/g/granlmi01.html,Los Angeles Kings,8,3,5,0,24,277,253,.913,2.99
Kaapo Kähkönen,kahkoka01,/players/g/granlmi01.html,Minnesota Wild,1,0,1,0,4,32,28,.875,4.11
Kaapo Kähkönen,kahkoka01,/players/g/granlmi01.html,Montreal Canadiens,3,1,1,0,3,65,62,.954,1.31
Kaapo Kähkönen,kahkoka01,/players/g/granlmi01.html,Nashville Predators,6,0,4,1,17,150,133,.887,3.38
Kaapo Kähkönen,kahkoka01,/players/g/granlmi01.html,New Jersey Devils,5,3,2,0,16,179,163,.911,3.44
Kaapo Kähkönen,kahkoka01,/players/g/granlmi01.html,New York Islanders,5,4,1,0,13,172,159,.924,2.58
Kaapo Kähkönen,kahkoka01,/players/g/granlmi01.html,New York Rangers,2,0,2,0,6,66,60,.909,3.07
Kaapo Kähkönen,kahkoka01,/players/g/granlmi01.html,Ottawa Senators,2,1,1,0,6,77,71,.922,3.00
Kaapo Kähkönen,kahkoka01,/players/g/granlmi01.html,Philadelphia Flyers,2,0,1,1,5,47,42,.894,2.53
Kaapo Kähkönen,kahkoka01,/players/g/granlmi01.html,Pittsburgh Penguins,1,1,0,0,4,41,37,.902,4.00
Kaapo Kähkönen,kahkoka01,/players/g/granlmi01.html,San Jose Sharks,6,4,2,0,14,175,161,.920,2.50
Kaapo Kähkönen,kahkoka01,/players/g/granlmi01.html,Seattle Kraken,3,0,3,0,13,73,60,.822,5.80
Kaapo Kähkönen,kahkoka01,/players/g/granlmi01.html,St. Louis Blues,7,2,4,0,28,207,179,.865,4.54
Kaapo Kähkönen,kahkoka01,/players/g/granlmi01.html,Tampa Bay Lightning,4,1,1,1,12,91,79,.868,3.37
Kaapo Kähkönen,kahkoka01,/players/g/granlmi01.html,Toronto Maple Leafs,3,1,2,0,9,69,60,.870,3.83
Kaapo Kähkönen,kahkoka01,/players/g/granlmi01.html,Vancouver Canucks,5,1,2,1,20,129,109,.845,4.85
Kaapo Kähkönen,kahkoka01,/players/g/granlmi01.html,Vegas Golden Knights,6,2,3,1,18,189,171,.905,2.98
Kaapo Kähkönen,kahkoka01,/players/g/granlmi01.html,Washington Capitals,3,2,1,0,11,74,63,.851,4.10
Kaapo Kähkönen,kahkoka01,/players/g/granlmi01.html,Winnipeg Jets,2,0,2,0,2,67,65,.970,1.03
Trent Miner,minertr01,/players/g/granlmi01.html,Chicago Blackhawks,1,0,1,0,3,20,17,.850,3.18
Trent Miner,minertr01,/players/g/granlmi01.html,Washington Capitals,1,0,0,0,1,13,12,.923,1.72
Joel Hofer,hoferjo01,/players/g/granlmi01.html,Anaheim Ducks,3,3,0,0,5,82,77,.939,1.67
Joel Hofer,hoferjo01,/players/g/granlmi01.html,Arizona Coyotes,4,2,2,0,10,95,85,.895,2.87
Joel Hofer,hoferjo01,/players/g/granlmi01.html,Boston Bruins,1,1,0,0,1,37,36,.973,1.00
Joel Hofer,hoferjo01,/players/g/granlmi01.html,Buffalo Sabres,1,1,0,0,1,34,33,.971,1.00
Joel Hofer,hoferjo01,/players/g/granlmi01.html,Calgary Flames,2,2,0,0,1,56,55,.982,0.50
Joel Hofer,hoferjo01,/players/g/granlmi01.html,Carolina Hurricanes,3,1,2,0,10,88,78,.886,3.39
Joel Hofer,hoferjo01,/players/g/granlmi01.html,Chicago Blackhawks,1,1,0,0,2,20,18,.900,2.01
Joel Hofer,hoferjo01,/players/g/granlmi01.html,Colorado Avalanche,1,0,1,0,5,36,31,.861,5.00
Joel Hofer,hoferjo01,/players/g/granlmi01.html,Columbus Blue Jackets,2,0,2,0,9,59,50,.847,4.78
Joel Hofer,hoferjo01,/players/g/granlmi01.html,Dallas Stars,3,1,1,0,9,86,77,.895,3.87
Joel Hofer,hoferjo01,/players/g/granlmi01.html,Detroit Red Wings,3,1,0,1,7,78,71,.910,2.55
Joel Hofer,hoferjo01,/players/g/granlmi01.html,Florida Panthers,4,1,2,1,10,129,119,.922,2.48
Joel Hofer,hoferjo01,/players/g/granlmi01.html,Los Angeles Kings,2,1,0,0,8,50,42,.840,6.24
Joel Hofer,hoferjo01,/players/g/granlmi01.html,Montreal Canadiens,1,1,0,0,3,33,30,.909,3.00
Joel Hofer,hoferjo01,/players/g/granlmi01.html,Nashville Predators,2,1,1,0,8,45,37,.822,5.80
Joel Hofer,hoferjo01,/players/g/granlmi01.html,New York Islanders,2,1,1,0,3,66,63,.955,1.48
Joel Hofer,hoferjo01,/players/g/granlmi01.html,New York Rangers,2,2,0,0,4,57,53,.930,2.00
Joel Hofer,hoferjo01,/players/g/granlmi01.html,Ottawa Senators,2,1,1,0,7,60,53,.883,4.62
Joel Hofer,hoferjo01,/players/g/granlmi01.html,Philadelphia Flyers,1,0,1,0,3,41,38,.927,3.03
Joel Hofer,hoferjo01,/players/g/granlmi01.html,Pittsburgh Penguins,1,0,1,0,3,29,26,.897,3.08
Joel Hofer,hoferjo01,/players/g/granlmi01.html,San Jose Sharks,5,2,2,1,17,120,103,.858,3.86
Joel Hofer,hoferjo01,/players/g/granlmi01.html,Seattle Kraken,1,1,0,0,1,20,19,.950,1.00
Joel Hofer,hoferjo01,/players/g/granlmi01.html,Tampa Bay Lightning,2,0,0,0,1,17,16,.941,1.15
Joel Hofer,hoferjo01,/players/g/granlmi01.html,Toronto Maple Leafs,1,0,1,0,3,28,25,.893,3.18
Joel Hofer,hoferjo01,/players/g/granlmi01.html,Utah Hockey Club,1,0,1,0,3,30,27,.900,3.10
Joel Hofer,hoferjo01,/players/g/granlmi01.html,Vancouver Canucks,3,2,0,0,7,68,61,.897,2.75
Joel Hofer,hoferjo01,/players/g/granlmi01.html,Vegas Golden Knights,1,0,1,0,3,30,27,.900,3.26
Joel Hofer,hoferjo01,/players/g/granlmi01.html,Washington Capitals,2,2,0,0,4,52,48,.923,2.00
Joel Hofer,hoferjo01,/players/g/granlmi01.html,Winnipeg Jets,4,2,1,1,8,116,108,.931,2.01
Jordan Binnington,binnijo01,/players/g/granlmi01.html,Anaheim Ducks,14,9,3,2,33,367,334,.910,2.35
Jordan Binnington,binnijo01,/players/g/granlmi01.html,Arizona Coyotes,16,7,6,2,45,378,333,.881,2.91
Jordan Binnington,binnijo01,/players/g/granlmi01.html,Boston Bruins,7,2,3,2,18,206,188,.913,2.53
Jordan Binnington,binnijo01,/players/g/granlmi01.html,Buffalo Sabres,7,3,3,1,25,213,188,.883,3.62
Jordan Binnington,binnijo01,/players/g/granlmi01.html,Calgary Flames,10,8,1,0,28,308,280,.909,2.96
Jordan Binnington,binnijo01,/players/g/granlmi01.html,Carolina Hurricanes,6,2,3,0,16,172,156,.907,3.06
Jordan Binnington,binnijo01,/players/g/granlmi01.html,Chicago Blackhawks,14,11,2,1,38,351,313,.892,2.83
Jordan Binnington,binnijo01,/players/g/granlmi01.html,Colorado Avalanche,24,10,13,1,71,734,663,.903,3.09
Jordan Binnington,binnijo01,/players/g/granlmi01.html,Columbus Blue Jackets,5,3,2,0,10,127,117,.921,2.04
Jordan Binnington,binnijo01,/players/g/granlmi01.html,Dallas Stars,15,4,7,4,33,407,374,.919,2.27
Jordan Binnington,binnijo01,/players/g/granlmi01.html,Detroit Red Wings,5,3,2,0,15,119,104,.874,3.45
Jordan Binnington,binnijo01,/players/g/granlmi01.html,Edmonton Oilers,12,6,3,2,33,339,306,.903,2.90
Jordan Binnington,binnijo01,/players/g/granlmi01.html,Florida Panthers,3,2,1,0,6,94,88,.936,2.03
Jordan Binnington,binnijo01,/players/g/granlmi01.html,Los Angeles Kings,17,7,8,2,43,489,446,.912,2.67
Jordan Binnington,binnijo01,/players/g/granlmi01.html,Minnesota Wild,19,10,7,1,53,535,482,.901,2.87
Jordan Binnington,binnijo01,/players/g/granlmi01.html,Montreal Canadiens,6,2,4,0,23,174,151,.868,3.88
Jordan Binnington,binnijo01,/players/g/granlmi01.html,Nashville Predators,11,5,4,1,28,311,283,.910,2.66
Jordan Binnington,binnijo01,/players/g/granlmi01.html,New Jersey Devils,10,6,4,0,23,298,275,.923,2.32
Jordan Binnington,binnijo01,/players/g/granlmi01.html,New York Islanders,8,3,3,2,16,222,206,.928,2.00
Jordan Binnington,binnijo01,/players/g/granlmi01.html,New York Rangers,7,4,3,0,20,203,183,.901,2.89
Jordan Binnington,binnijo01,/players/g/granlmi01.html,Ottawa Senators,6,4,1,0,11,158,147,.930,2.01
Jordan Binnington,binnijo01,/players/g/granlmi01.html,Philadelphia Flyers,9,5,2,2,20,259,239,.923,2.20
Jordan Binnington,binnijo01,/players/g/granlmi01.html,Pittsburgh Penguins,8,3,3,1,22,257,235,.914,3.22
Jordan Binnington,binnijo01,/players/g/granlmi01.html,San Jose Sharks,13,8,2,1,32,356,324,.910,2.59
Jordan Binnington,binnijo01,/players/g/granlmi01.html,Seattle Kraken,6,5,1,0,15,186,171,.919,2.44
Jordan Binnington,binnijo01,/players/g/granlmi01.html,Tampa Bay Lightning,11,7,4,0,28,303,275,.908,2.74
Jordan Binnington,binnijo01,/players/g/granlmi01.html,Toronto Maple Leafs,9,5,3,1,30,289,259,.896,3.61
Jordan Binnington,binnijo01,/players/g/granlmi01.html,Utah Hockey Club,2,1,1,0,5,58,53,.914,2.53
Jordan Binnington,binnijo01,/players/g/granlmi01.html,Vancouver Canucks,9,5,2,2,24,282,258,.915,2.73
Jordan Binnington,binnijo01,/players/g/granlmi01.html,Vegas Golden Knights,19,9,4,5,58,678,620,.914,3.08
Jordan Binnington,binnijo01,/players/g/granlmi01.html,Washington Capitals,4,1,2,1,15,104,89,.856,3.75
Jordan Binnington,binnijo01,/players/g/granlmi01.html,Winnipeg Jets,11,3,7,1,34,349,315,.903,3.09
Connor Ingram,ingraco01,/players/g/granlmi01.html,Anaheim Ducks,4,1,1,2,11,149,138,.926,2.71
Connor Ingram,ingraco01,/players/g/granlmi01.html,Arizona Coyotes,1,0,1,0,5,27,22,.815,5.11
Connor Ingram,ingraco01,/players/g/granlmi01.html,Boston Bruins,3,2,1,0,9,84,75,.893,2.93
Connor Ingram,ingraco01,/players/g/granlmi01.html,Buffalo Sabres,1,0,1,0,3,41,38,.927,3.05
Connor Ingram,ingraco01,/players/g/granlmi01.html,Calgary Flames,5,2,1,1,15,155,140,.903,3.09
Connor Ingram,ingraco01,/players/g/granlmi01.html,Carolina Hurricanes,1,0,1,0,3,39,36,.923,3.00
Connor Ingram,ingraco01,/players/g/granlmi01.html,Chicago Blackhawks,6,2,3,1,18,202,184,.911,3.00
Connor Ingram,ingraco01,/players/g/granlmi01.html,Colorado Avalanche,5,2,1,2,16,164,148,.902,3.09
Connor Ingram,ingraco01,/players/g/granlmi01.html,Columbus Blue Jackets,4,4,0,0,9,132,123,.932,2.19
Connor Ingram,ingraco01,/players/g/granlmi01.html,Dallas Stars,5,0,5,0,19,157,138,.879,4.61
Connor Ingram,ingraco01,/players/g/granlmi01.html,Detroit Red Wings,3,3,0,0,4,97,93,.959,1.30
Connor Ingram,ingraco01,/players/g/granlmi01.html,Edmonton Oilers,4,1,2,1,18,125,107,.856,4.48
Connor Ingram,ingraco01,/players/g/granlmi01.html,Los Angeles Kings,5,0,3,1,14,105,91,.867,3.53
Connor Ingram,ingraco01,/players/g/granlmi01.html,Minnesota Wild,5,2,3,0,10,159,149,.937,2.17
Connor Ingram,ingraco01,/players/g/granlmi01.html,Montreal Canadiens,3,1,2,0,10,79,69,.873,3.37
Connor Ingram,ingraco01,/players/g/granlmi01.html,Nashville Predators,7,3,2,2,28,247,219,.887,3.96
Connor Ingram,ingraco01,/players/g/granlmi01.html,New Jersey Devils,1,0,0,1,5,40,35,.875,4.97
Connor Ingram,ingraco01,/players/g/granlmi01.html,New York Islanders,3,1,2,0,11,90,79,.878,3.65
Connor Ingram,ingraco01,/players/g/granlmi01.html,New York Rangers,4,1,3,0,14,128,114,.891,3.47
Connor Ingram,ingraco01,/players/g/granlmi01.html,Ottawa Senators,2,0,1,0,7,14,7,.500,12.24
Connor Ingram,ingraco01,/players/g/granlmi01.html,Philadelphia Flyers,1,0,1,0,4,26,22,.846,4.03
Connor Ingram,ingraco01,/players/g/granlmi01.html,Pittsburgh Penguins,3,1,1,1,8,98,90,.918,2.63
Connor Ingram,ingraco01,/players/g/granlmi01.html,San Jose Sharks,3,2,0,1,7,94,87,.926,2.31
Connor Ingram,ingraco01,/players/g/granlmi01.html,Seattle Kraken,1,1,0,0,3,38,35,.921,2.77
Connor Ingram,ingraco01,/players/g/granlmi01.html,St. Louis Blues,6,4,2,0,11,146,135,.925,1.98
Connor Ingram,ingraco01,/players/g/granlmi01.html,Tampa Bay Lightning,3,2,1,0,7,115,108,.939,2.27
Connor Ingram,ingraco01,/players/g/granlmi01.html,Toronto Maple Leafs,1,0,1,0,3,25,22,.880,3.09
Connor Ingram,ingraco01,/players/g/granlmi01.html,Vancouver Canucks,3,1,2,0,7,85,78,.918,2.33
Connor Ingram,ingraco01,/players/g/granlmi01.html,Vegas Golden Knights,3,1,1,1,7,75,68,.907,3.12
Connor Ingram,ingraco01,/players/g/granlmi01.html,Washington Capitals,3,1,1,0,6,49,43,.878,3.68
Connor Ingram,ingraco01,/players/g/granlmi01.html,Winnipeg Jets,3,1,1,1,10,85,75,.882,3.34
Jaxson Stauber,staubja01,/players/g/granlmi01.html,Anaheim Ducks,1,0,0,1,4,30,26,.867,3.73
Jaxson Stauber,staubja01,/players/g/granlmi01.html,Arizona Coyotes,1,1,0,0,3,26,23,.885,2.83
Jaxson Stauber,staubja01,/players/g/granlmi01.html,Calgary Flames,1,1,0,0,1,35,34,.971,1.00
Jaxson Stauber,staubja01,/players/g/granlmi01.html,Dallas Stars,1,1,0,0,3,32,29,.906,3.00
Jaxson Stauber,staubja01,/players/g/granlmi01.html,Edmonton Oilers,1,0,1,0,3,37,34,.919,3.07
Jaxson Stauber,staubja01,/players/g/granlmi01.html,Montreal Canadiens,1,0,1,0,4,31,27,.871,4.00
Jaxson Stauber,staubja01,/players/g/granlmi01.html,Philadelphia Flyers,1,1,0,0,2,24,22,.917,2.01
Jaxson Stauber,staubja01,/players/g/granlmi01.html,St. Louis Blues,1,1,0,0,3,32,29,.906,3.00
Jaxson Stauber,staubja01,/players/g/granlmi01.html,Toronto Maple Leafs,1,1,0,0,3,35,32,.914,3.00
Jaxson Stauber,staubja01,/players/g/granlmi01.html,Vegas Golden Knights,1,1,0,0,0,29,29,1.000,0.00
Karel Vejmelka,vejmeka01,/players/g/granlmi01.html,Anaheim Ducks,4,1,2,1,11,102,91,.892,3.47
Karel Vejmelka,vejmeka01,/players/g/granlmi01.html,Boston Bruins,4,1,3,0,12,159,147,.925,3.04
Karel Vejmelka,vejmeka01,/players/g/granlmi01.html,Buffalo Sabres,6,3,2,1,11,191,180,.942,1.83
Karel Vejmelka,vejmeka01,/players/g/granlmi01.html,Calgary Flames,8,1,5,0,26,209,183,.876,4.80
Karel Vejmelka,vejmeka01,/players/g/granlmi01.html,Carolina Hurricanes,7,2,5,0,25,281,256,.911,3.73
Karel Vejmelka,vejmeka01,/players/g/granlmi01.html,Chicago Blackhawks,5,4,0,1,12,153,141,.922,2.33
Karel Vejmelka,vejmeka01,/players/g/granlmi01.html,Colorado Avalanche,8,3,5,0,25,251,226,.900,3.13
Karel Vejmelka,vejmeka01,/players/g/granlmi01.html,Columbus Blue Jackets,2,1,0,1,5,50,45,.900,2.48
Karel Vejmelka,vejmeka01,/players/g/granlmi01.html,Dallas Stars,6,0,3,2,20,171,151,.883,3.47
Karel Vejmelka,vejmeka01,/players/g/granlmi01.html,Detroit Red Wings,2,1,0,1,5,64,59,.922,2.44
Karel Vejmelka,vejmeka01,/players/g/granlmi01.html,Edmonton Oilers,5,1,3,1,21,168,147,.875,4.50
Karel Vejmelka,vejmeka01,/players/g/granlmi01.html,Florida Panthers,6,1,5,0,20,218,198,.908,3.58
Karel Vejmelka,vejmeka01,/players/g/granlmi01.html,Los Angeles Kings,7,2,4,0,23,208,185,.889,3.75
Karel Vejmelka,vejmeka01,/players/g/granlmi01.html,Minnesota Wild,11,6,3,1,26,306,280,.915,2.59
Karel Vejmelka,vejmeka01,/players/g/granlmi01.html,Montreal Canadiens,5,3,1,1,15,131,116,.885,2.97
Karel Vejmelka,vejmeka01,/players/g/granlmi01.html,Nashville Predators,4,1,2,0,14,90,76,.844,4.58
Karel Vejmelka,vejmeka01,/players/g/granlmi01.html,New Jersey Devils,7,3,4,0,21,235,214,.911,3.01
Karel Vejmelka,vejmeka01,/players/g/granlmi01.html,New York Islanders,4,2,2,0,8,116,108,.931,2.02
Karel Vejmelka,vejmeka01,/players/g/granlmi01.html,New York Rangers,3,0,3,0,16,74,58,.784,6.00
Karel Vejmelka,vejmeka01,/players/g/granlmi01.html,Ottawa Senators,6,2,3,0,16,172,156,.907,2.98
Karel Vejmelka,vejmeka01,/players/g/granlmi01.html,Philadelphia Flyers,6,2,4,0,23,195,172,.882,3.78
Karel Vejmelka,vejmeka01,/players/g/granlmi01.html,Pittsburgh Penguins,4,1,3,0,16,144,128,.889,4.05
Karel Vejmelka,vejmeka01,/players/g/granlmi01.html,San Jose Sharks,7,4,3,0,18,207,189,.913,2.62
Karel Vejmelka,vejmeka01,/players/g/granlmi01.html,Seattle Kraken,7,2,4,0,22,195,173,.887,3.65
Karel Vejmelka,vejmeka01,/players/g/granlmi01.html,St. Louis Blues,6,2,1,1,15,168,153,.911,3.15
Karel Vejmelka,vejmeka01,/players/g/granlmi01.html,Tampa Bay Lightning,2,0,2,0,9,67,58,.866,4.60
Karel Vejmelka,vejmeka01,/players/g/granlmi01.html,Toronto Maple Leafs,5,3,2,0,15,177,162,.915,3.02
Karel Vejmelka,vejmeka01,/players/g/granlmi01.html,Vancouver Canucks,6,2,2,2,22,149,127,.852,3.78
Karel Vejmelka,vejmeka01,/players/g/granlmi01.html,Vegas Golden Knights,8,2,5,0,30,260,230,.885,3.87
Karel Vejmelka,vejmeka01,/players/g/granlmi01.html,Washington Capitals,7,3,3,0,14,197,183,.929,2.19
Karel Vejmelka,vejmeka01,/players/g/granlmi01.html,Winnipeg Jets,10,1,7,2,27,332,305,.919,2.71
Juuse Saros,sarosju01,/players/g/granlmi01.html,Anaheim Ducks,11,6,4,1,33,348,315,.905,3.00
Juuse Saros,sarosju01,/players/g/granlmi01.html,Arizona Coyotes,11,5,5,1,37,321,284,.885,3.47
Juuse Saros,sarosju01,/players/g/granlmi01.html,Boston Bruins,8,3,4,1,18,273,255,.934,2.27
Juuse Saros,sarosju01,/players/g/granlmi01.html,Buffalo Sabres,10,3,5,1,31,281,250,.890,3.39
Juuse Saros,sarosju01,/players/g/granlmi01.html,Calgary Flames,16,9,5,1,39,489,450,.920,2.69
Juuse Saros,sarosju01,/players/g/granlmi01.html,Carolina Hurricanes,16,4,8,1,39,486,447,.920,2.73
Juuse Saros,sarosju01,/players/g/granlmi01.html,Chicago Blackhawks,21,14,4,2,45,608,563,.926,2.17
Juuse Saros,sarosju01,/players/g/granlmi01.html,Colorado Avalanche,13,7,3,2,32,414,382,.923,2.53
Juuse Saros,sarosju01,/players/g/granlmi01.html,Columbus Blue Jackets,13,9,3,0,29,395,366,.927,2.35
Juuse Saros,sarosju01,/players/g/granlmi01.html,Dallas Stars,23,12,10,1,60,656,596,.909,2.70
Juuse Saros,sarosju01,/players/g/granlmi01.html,Detroit Red Wings,14,8,4,1,25,353,328,.929,1.88
Juuse Saros,sarosju01,/players/g/granlmi01.html,Edmonton Oilers,12,3,7,1,34,373,339,.909,3.25
Juuse Saros,sarosju01,/players/g/granlmi01.html,Florida Panthers,13,3,9,0,34,432,398,.921,2.84
Juuse Saros,sarosju01,/players/g/granlmi01.html,Los Angeles Kings,10,6,3,1,25,330,305,.924,2.48
Juuse Saros,sarosju01,/players/g/granlmi01.html,Minnesota Wild,14,9,3,2,31,421,390,.926,2.30
Juuse Saros,sarosju01,/players/g/granlmi01.html,Montreal Canadiens,7,5,1,1,19,198,179,.904,2.89
Juuse Saros,sarosju01,/players/g/granlmi01.html,New Jersey Devils,11,8,2,1,27,349,322,.923,2.47
Juuse Saros,sarosju01,/players/g/granlmi01.html,New York Islanders,9,7,2,0,25,260,235,.904,2.76
Juuse Saros,sarosju01,/players/g/granlmi01.html,New York Rangers,11,5,4,1,19,316,297,.940,1.76
Juuse Saros,sarosju01,/players/g/granlmi01.html,Ottawa Senators,12,5,3,4,30,372,342,.919,2.55
Juuse Saros,sarosju01,/players/g/granlmi01.html,Philadelphia Flyers,9,5,3,1,23,257,234,.911,2.57
Juuse Saros,sarosju01,/players/g/granlmi01.html,Pittsburgh Penguins,11,3,5,1,28,334,306,.916,2.87
Juuse Saros,sarosju01,/players/g/granlmi01.html,San Jose Sharks,16,12,2,1,31,434,403,.929,2.01
Juuse Saros,sarosju01,/players/g/granlmi01.html,Seattle Kraken,11,4,7,0,34,312,278,.891,3.33
Juuse Saros,sarosju01,/players/g/granlmi01.html,St. Louis Blues,18,8,8,2,55,510,455,.892,3.30
Juuse Saros,sarosju01,/players/g/granlmi01.html,Tampa Bay Lightning,14,4,6,4,47,427,380,.890,3.42
Juuse Saros,sarosju01,/players/g/granlmi01.html,Toronto Maple Leafs,5,2,3,0,12,172,160,.930,2.43
Juuse Saros,sarosju01,/players/g/granlmi01.html,Utah Hockey Club,1,1,0,0,0,27,27,1.000,0.00
Juuse Saros,sarosju01,/players/g/granlmi01.html,Vancouver Canucks,14,7,3,1,33,348,315,.905,2.71
Juuse Saros,sarosju01,/players/g/granlmi01.html,Vegas Golden Knights,11,5,5,1,34,414,380,.918,3.11
Juuse Saros,sarosju01,/players/g/granlmi01.html,Washington Capitals,10,5,5,0,27,289,262,.907,2.74
Juuse Saros,sarosju01,/players/g/granlmi01.html,Winnipeg Jets,20,8,8,4,50,636,586,.921,2.50
Petr Mrázek,mrazepe01,/players/g/granlmi01.html,Anaheim Ducks,11,5,4,1,24,279,255,.914,2.38
Petr Mrázek,mrazepe01,/players/g/granlmi01.html,Arizona Coyotes,9,5,1,1,18,199,181,.910,2.24
Petr Mrázek,mrazepe01,/players/g/granlmi01.html,Boston Bruins,14,4,5,1,39,356,317,.890,3.34
Petr Mrázek,mrazepe01,/players/g/granlmi01.html,Buffalo Sabres,16,7,7,1,48,419,371,.885,3.28
Petr Mrázek,mrazepe01,/players/g/granlmi01.html,Calgary Flames,14,6,6,2,40,435,395,.908,2.88
Petr Mrázek,mrazepe01,/players/g/granlmi01.html,Carolina Hurricanes,14,7,6,1,37,516,479,.928,2.63
Petr Mrázek,mrazepe01,/players/g/granlmi01.html,Chicago Blackhawks,10,5,2,2,23,282,259,.918,2.57
Petr Mrázek,mrazepe01,/players/g/granlmi01.html,Colorado Avalanche,14,7,4,2,32,432,400,.926,2.34
Petr Mrázek,mrazepe01,/players/g/granlmi01.html,Columbus Blue Jackets,14,3,9,2,46,356,310,.871,3.65
Petr Mrázek,mrazepe01,/players/g/granlmi01.html,Dallas Stars,18,5,8,2,42,479,437,.912,2.82
Petr Mrázek,mrazepe01,/players/g/granlmi01.html,Detroit Red Wings,16,7,5,2,47,385,338,.878,3.26
Petr Mrázek,mrazepe01,/players/g/granlmi01.html,Edmonton Oilers,11,4,6,0,30,304,274,.901,2.91
Petr Mrázek,mrazepe01,/players/g/granlmi01.html,Florida Panthers,19,9,7,3,53,605,552,.912,2.88
Petr Mrázek,mrazepe01,/players/g/granlmi01.html,Los Angeles Kings,9,4,3,1,18,274,256,.934,2.03
Petr Mrázek,mrazepe01,/players/g/granlmi01.html,Minnesota Wild,12,5,7,0,29,344,315,.916,2.42
Petr Mrázek,mrazepe01,/players/g/granlmi01.html,Montreal Canadiens,15,5,6,2,41,412,371,.900,3.10
Petr Mrázek,mrazepe01,/players/g/granlmi01.html,Nashville Predators,16,11,5,0,39,490,451,.920,2.45
Petr Mrázek,mrazepe01,/players/g/granlmi01.html,New Jersey Devils,11,8,2,0,20,272,252,.926,1.96
Petr Mrázek,mrazepe01,/players/g/granlmi01.html,New York Islanders,18,9,6,2,49,476,427,.897,2.90
Petr Mrázek,mrazepe01,/players/g/granlmi01.html,New York Rangers,10,4,5,1,30,274,244,.891,3.12
Petr Mrázek,mrazepe01,/players/g/granlmi01.html,Ottawa Senators,14,9,3,2,35,444,409,.921,2.52
Petr Mrázek,mrazepe01,/players/g/granlmi01.html,Philadelphia Flyers,10,3,3,4,29,342,313,.915,2.87
Petr Mrázek,mrazepe01,/players/g/granlmi01.html,Pittsburgh Penguins,11,5,5,1,32,348,316,.908,3.30
Petr Mrázek,mrazepe01,/players/g/granlmi01.html,San Jose Sharks,15,10,4,0,34,410,376,.917,2.43
Petr Mrázek,mrazepe01,/players/g/granlmi01.html,Seattle Kraken,5,1,2,0,16,102,86,.843,4.63
Petr Mrázek,mrazepe01,/players/g/granlmi01.html,St. Louis Blues,13,5,6,0,30,307,277,.902,2.74
Petr Mrázek,mrazepe01,/players/g/granlmi01.html,Tampa Bay Lightning,21,4,13,3,65,561,496,.884,3.27
Petr Mrázek,mrazepe01,/players/g/granlmi01.html,Toronto Maple Leafs,12,2,9,0,32,352,320,.909,2.91
Petr Mrázek,mrazepe01,/players/g/granlmi01.html,Utah Hockey Club,1,0,1,0,4,26,22,.846,4.09
Petr Mrázek,mrazepe01,/players/g/granlmi01.html,Vancouver Canucks,10,2,7,1,31,310,279,.900,3.13
Petr Mrázek,mrazepe01,/players/g/granlmi01.html,Vegas Golden Knights,9,5,3,0,27,261,234,.897,3.22
Petr Mrázek,mrazepe01,/players/g/granlmi01.html,Washington Capitals,16,5,9,2,49,478,429,.897,3.09
Petr Mrázek,mrazepe01,/players/g/granlmi01.html,Winnipeg Jets,15,7,5,1,35,406,371,.914,2.57
Arvid Söderblom,soderar01,/players/g/granlmi01.html,Anaheim Ducks,5,3,2,0,14,161,147,.913,2.82
Arvid Söderblom,soderar01,/players/g/granlmi01.html,Arizona Coyotes,3,2,1,0,13,97,84,.866,5.02
Arvid Söderblom,soderar01,/players/g/granlmi01.html,Boston Bruins,1,0,1,0,2,32,30,.938,2.03
Arvid Söderblom,soderar01,/players/g/granlmi01.html,Buffalo Sabres,4,0,2,1,12,121,109,.901,3.29
Arvid Söderblom,soderar01,/players/g/granlmi01.html,Calgary Flames,1,0,1,0,4,41,37,.902,4.05
Arvid Söderblom,soderar01,/players/g/granlmi01.html,Carolina Hurricanes,1,0,1,0,3,27,24,.889,3.11
Arvid Söderblom,soderar01,/players/g/granlmi01.html,Columbus Blue Jackets,3,0,2,0,12,74,62,.838,5.00
Arvid Söderblom,soderar01,/players/g/granlmi01.html,Dallas Stars,3,0,2,0,9,84,75,.893,4.01
Arvid Söderblom,soderar01,/players/g/granlmi01.html,Edmonton Oilers,3,0,2,1,13,113,100,.885,4.38
Arvid Söderblom,soderar01,/players/g/granlmi01.html,Florida Panthers,1,0,1,0,4,31,27,.871,4.14
Arvid Söderblom,soderar01,/players/g/granlmi01.html,Los Angeles Kings,3,1,1,1,10,82,72,.878,4.41
Arvid Söderblom,soderar01,/players/g/granlmi01.html,Minnesota Wild,2,0,2,0,7,63,56,.889,3.55
Arvid Söderblom,soderar01,/players/g/granlmi01.html,Montreal Canadiens,2,1,0,1,4,63,59,.937,1.92
Arvid Söderblom,soderar01,/players/g/granlmi01.html,Nashville Predators,6,0,3,2,18,194,176,.907,3.11
Arvid Söderblom,soderar01,/players/g/granlmi01.html,New Jersey Devils,3,0,3,0,9,100,91,.910,3.07
Arvid Söderblom,soderar01,/players/g/granlmi01.html,New York Islanders,4,1,3,0,13,122,109,.893,3.50
Arvid Söderblom,soderar01,/players/g/granlmi01.html,New York Rangers,4,1,2,0,15,96,81,.844,4.51
Arvid Söderblom,soderar01,/players/g/granlmi01.html,Philadelphia Flyers,2,1,1,0,4,64,60,.938,2.03
Arvid Söderblom,soderar01,/players/g/granlmi01.html,Pittsburgh Penguins,2,0,2,0,7,50,43,.860,3.57
Arvid Söderblom,soderar01,/players/g/granlmi01.html,Seattle Kraken,3,1,2,0,14,79,65,.823,5.14
Arvid Söderblom,soderar01,/players/g/granlmi01.html,St. Louis Blues,5,0,3,1,22,167,145,.868,4.42
Arvid Söderblom,soderar01,/players/g/granlmi01.html,Tampa Bay Lightning,2,1,0,1,5,75,70,.933,2.49
Arvid Söderblom,soderar01,/players/g/granlmi01.html,Toronto Maple Leafs,4,2,2,0,11,123,112,.911,2.74
Arvid Söderblom,soderar01,/players/g/granlmi01.html,Utah Hockey Club,1,0,1,0,2,37,35,.946,2.07
Arvid Söderblom,soderar01,/players/g/granlmi01.html,Vancouver Canucks,1,0,1,0,2,31,29,.935,2.04
Arvid Söderblom,soderar01,/players/g/granlmi01.html,Vegas Golden Knights,3,0,3,0,10,66,56,.848,3.83
Arvid Söderblom,soderar01,/players/g/granlmi01.html,Washington Capitals,2,1,1,0,6,49,43,.878,3.05
Arvid Söderblom,soderar01,/players/g/granlmi01.html,Winnipeg Jets,5,0,4,1,14,143,129,.902,3.18
Drew Commesso,commedr01,/players/g/granlmi01.html,New Jersey Devils,1,0,1,0,4,24,20,.833,4.00
Drew Commesso,commedr01,/players/g/granlmi01.html,New York Islanders,1,0,0,0,0,2,2,1.000,0.00
Ilya Samsonov,samsoil01,/players/g/granlmi01.html,Anaheim Ducks,4,4,0,0,5,105,100,.952,1.22
Ilya Samsonov,samsoil01,/players/g/granlmi01.html,Arizona Coyotes,3,2,0,1,6,77,71,.922,1.97
Ilya Samsonov,samsoil01,/players/g/granlmi01.html,Boston Bruins,8,2,2,2,19,183,164,.896,2.80
Ilya Samsonov,samsoil01,/players/g/granlmi01.html,Buffalo Sabres,6,5,1,0,16,159,143,.899,2.84
Ilya Samsonov,samsoil01,/players/g/granlmi01.html,Calgary Flames,3,2,0,1,3,72,69,.958,1.11
Ilya Samsonov,samsoil01,/players/g/granlmi01.html,Carolina Hurricanes,7,5,0,1,15,196,181,.923,2.31
Ilya Samsonov,samsoil01,/players/g/granlmi01.html,Chicago Blackhawks,6,2,2,2,25,163,138,.847,4.16
Ilya Samsonov,samsoil01,/players/g/granlmi01.html,Colorado Avalanche,5,3,1,1,11,132,121,.917,2.25
Ilya Samsonov,samsoil01,/players/g/granlmi01.html,Columbus Blue Jackets,8,4,1,3,20,192,172,.896,2.70
Ilya Samsonov,samsoil01,/players/g/granlmi01.html,Dallas Stars,3,3,0,0,7,84,77,.917,2.29
Ilya Samsonov,samsoil01,/players/g/granlmi01.html,Detroit Red Wings,8,4,3,1,19,192,173,.901,2.48
Ilya Samsonov,samsoil01,/players/g/granlmi01.html,Edmonton Oilers,4,1,1,1,15,110,95,.864,4.93
Ilya Samsonov,samsoil01,/players/g/granlmi01.html,Florida Panthers,9,4,2,2,25,279,254,.910,3.04
Ilya Samsonov,samsoil01,/players/g/granlmi01.html,Los Angeles Kings,7,4,3,0,17,196,179,.913,2.44
Ilya Samsonov,samsoil01,/players/g/granlmi01.html,Minnesota Wild,3,3,0,0,7,79,72,.911,2.32
Ilya Samsonov,samsoil01,/players/g/granlmi01.html,Montreal Canadiens,8,6,1,1,22,244,222,.910,2.74
Ilya Samsonov,samsoil01,/players/g/granlmi01.html,Nashville Predators,5,3,1,1,11,118,107,.907,2.20
Ilya Samsonov,samsoil01,/players/g/granlmi01.html,New Jersey Devils,9,6,2,1,27,264,237,.898,3.01
Ilya Samsonov,samsoil01,/players/g/granlmi01.html,New York Islanders,13,6,6,1,37,308,271,.880,3.20
Ilya Samsonov,samsoil01,/players/g/granlmi01.html,New York Rangers,8,3,4,1,26,227,201,.885,3.28
Ilya Samsonov,samsoil01,/players/g/granlmi01.html,Ottawa Senators,8,6,2,0,23,251,228,.908,2.89
Ilya Samsonov,samsoil01,/players/g/granlmi01.html,Philadelphia Flyers,16,13,2,0,39,429,390,.909,2.57
Ilya Samsonov,samsoil01,/players/g/granlmi01.html,Pittsburgh Penguins,7,3,3,1,20,228,208,.912,2.85
Ilya Samsonov,samsoil01,/players/g/granlmi01.html,San Jose Sharks,5,4,1,0,9,122,113,.926,1.82
Ilya Samsonov,samsoil01,/players/g/granlmi01.html,Seattle Kraken,3,3,0,0,4,67,63,.940,1.33
Ilya Samsonov,samsoil01,/players/g/granlmi01.html,St. Louis Blues,6,4,1,1,18,135,117,.867,3.09
Ilya Samsonov,samsoil01,/players/g/granlmi01.html,Tampa Bay Lightning,4,2,0,0,12,72,60,.833,4.88
Ilya Samsonov,samsoil01,/players/g/granlmi01.html,Toronto Maple Leafs,3,1,1,0,10,61,51,.836,5.42
Ilya Samsonov,samsoil01,/players/g/granlmi01.html,Utah Hockey Club,1,0,1,0,6,28,22,.786,6.00
Ilya Samsonov,samsoil01,/players/g/granlmi01.html,Vancouver Canucks,3,2,1,0,10,98,88,.898,3.28
Ilya Samsonov,samsoil01,/players/g/granlmi01.html,Vegas Golden Knights,3,0,2,1,12,94,82,.872,4.06
Ilya Samsonov,samsoil01,/players/g/granlmi01.html,Washington Capitals,4,2,2,0,12,102,90,.882,3.04
Ilya Samsonov,samsoil01,/players/g/granlmi01.html,Winnipeg Jets,5,4,1,0,6,158,152,.962,1.19
Adin Hill,NA,/players/g/granlmi01.html,Anaheim Ducks,11,8,1,1,22,266,244,.917,2.30
Adin Hill,NA,/players/g/granlmi01.html,Arizona Coyotes,1,1,0,0,2,22,20,.909,2.00
Adin Hill,NA,/players/g/granlmi01.html,Boston Bruins,3,0,3,0,12,78,66,.846,5.05
Adin Hill,NA,/players/g/granlmi01.html,Buffalo Sabres,3,2,1,0,6,81,75,.926,2.03
Adin Hill,NA,/players/g/granlmi01.html,Calgary Flames,7,3,2,1,16,194,178,.918,2.52
Adin Hill,NA,/players/g/granlmi01.html,Carolina Hurricanes,6,1,4,0,15,131,116,.885,3.20
Adin Hill,NA,/players/g/granlmi01.html,Chicago Blackhawks,2,1,0,1,7,48,41,.854,3.43
Adin Hill,NA,/players/g/granlmi01.html,Colorado Avalanche,10,5,4,1,30,300,270,.900,3.24
Adin Hill,NA,/players/g/granlmi01.html,Columbus Blue Jackets,3,1,2,0,11,74,63,.851,4.09
Adin Hill,NA,/players/g/granlmi01.html,Dallas Stars,8,3,4,1,23,249,226,.908,2.88
Adin Hill,NA,/players/g/granlmi01.html,Detroit Red Wings,5,3,1,0,11,102,91,.892,2.55
Adin Hill,NA,/players/g/granlmi01.html,Edmonton Oilers,8,3,3,1,20,201,181,.900,2.77
Adin Hill,NA,/players/g/granlmi01.html,Florida Panthers,4,3,1,0,7,146,139,.952,1.76
Adin Hill,NA,/players/g/granlmi01.html,Los Angeles Kings,9,4,3,1,20,253,233,.921,2.40
Adin Hill,NA,/players/g/granlmi01.html,Minnesota Wild,7,2,4,0,14,135,121,.896,2.53
Adin Hill,NA,/players/g/granlmi01.html,Montreal Canadiens,7,5,2,0,19,189,170,.899,2.71
Adin Hill,NA,/players/g/granlmi01.html,Nashville Predators,3,2,1,0,5,85,80,.941,1.68
Adin Hill,NA,/players/g/granlmi01.html,New Jersey Devils,3,3,0,0,4,90,86,.956,1.30
Adin Hill,NA,/players/g/granlmi01.html,New York Islanders,3,2,1,0,6,87,81,.931,2.01
Adin Hill,NA,/players/g/granlmi01.html,New York Rangers,7,2,5,0,19,221,202,.914,2.72
Adin Hill,NA,/players/g/granlmi01.html,Ottawa Senators,2,1,0,0,5,42,37,.881,4.52
Adin Hill,NA,/players/g/granlmi01.html,Philadelphia Flyers,3,2,0,0,5,71,66,.930,2.09
Adin Hill,NA,/players/g/granlmi01.html,Pittsburgh Penguins,4,1,1,2,9,132,123,.932,2.21
Adin Hill,NA,/players/g/granlmi01.html,San Jose Sharks,10,8,2,0,20,288,268,.931,2.08
Adin Hill,NA,/players/g/granlmi01.html,Seattle Kraken,6,3,2,1,18,173,155,.896,3.03
Adin Hill,NA,/players/g/granlmi01.html,St. Louis Blues,5,2,2,1,15,131,116,.885,3.00
Adin Hill,NA,/players/g/granlmi01.html,Tampa Bay Lightning,5,1,3,0,19,121,102,.843,3.99
Adin Hill,NA,/players/g/granlmi01.html,Toronto Maple Leafs,6,2,1,1,13,165,152,.921,2.72
Adin Hill,NA,/players/g/granlmi01.html,Utah Hockey Club,2,2,0,0,5,51,46,.902,2.46
Adin Hill,NA,/players/g/granlmi01.html,Vancouver Canucks,6,3,3,0,11,158,147,.930,1.96
Adin Hill,NA,/players/g/granlmi01.html,Vegas Golden Knights,4,1,2,0,6,106,100,.943,1.83
Adin Hill,NA,/players/g/granlmi01.html,Washington Capitals,3,0,3,0,10,70,60,.857,3.44
Adin Hill,NA,/players/g/granlmi01.html,Winnipeg Jets,6,6,0,0,16,154,138,.896,2.61
Akira Schmid,schmiak01,/players/g/granlmi01.html,Anaheim Ducks,2,0,1,0,4,36,32,.889,3.19
Akira Schmid,schmiak01,/players/g/granlmi01.html,Arizona Coyotes,2,1,0,1,5,51,46,.902,2.40
Akira Schmid,schmiak01,/players/g/granlmi01.html,Buffalo Sabres,2,1,0,0,4,41,37,.902,3.39
Akira Schmid,schmiak01,/players/g/granlmi01.html,Carolina Hurricanes,1,0,0,0,0,12,12,1.000,0.00
Akira Schmid,schmiak01,/players/g/granlmi01.html,Colorado Avalanche,1,0,0,0,0,12,12,1.000,0.00
Akira Schmid,schmiak01,/players/g/granlmi01.html,Columbus Blue Jackets,2,1,1,0,5,54,49,.907,2.56
Akira Schmid,schmiak01,/players/g/granlmi01.html,Dallas Stars,2,0,2,0,5,37,32,.865,3.84
Akira Schmid,schmiak01,/players/g/granlmi01.html,Detroit Red Wings,1,0,1,0,5,30,25,.833,5.00
Akira Schmid,schmiak01,/players/g/granlmi01.html,Edmonton Oilers,2,0,1,0,5,35,30,.857,4.65
Akira Schmid,schmiak01,/players/g/granlmi01.html,Florida Panthers,3,0,3,0,10,98,88,.898,3.43
Akira Schmid,schmiak01,/players/g/granlmi01.html,Los Angeles Kings,1,0,0,0,0,9,9,1.000,0.00
Akira Schmid,schmiak01,/players/g/granlmi01.html,Montreal Canadiens,1,1,0,0,1,24,23,.958,1.00
Akira Schmid,schmiak01,/players/g/granlmi01.html,New York Islanders,4,2,2,0,10,84,74,.881,3.45
Akira Schmid,schmiak01,/players/g/granlmi01.html,Ottawa Senators,2,2,0,0,1,33,32,.970,0.81
Akira Schmid,schmiak01,/players/g/granlmi01.html,Philadelphia Flyers,4,3,0,0,6,111,105,.946,1.80
Akira Schmid,schmiak01,/players/g/granlmi01.html,San Jose Sharks,1,0,1,0,5,17,12,.706,5.33
Akira Schmid,schmiak01,/players/g/granlmi01.html,Seattle Kraken,1,1,0,0,1,38,37,.974,1.00
Akira Schmid,schmiak01,/players/g/granlmi01.html,St. Louis Blues,2,0,2,0,6,51,45,.882,3.11
Akira Schmid,schmiak01,/players/g/granlmi01.html,Tampa Bay Lightning,2,0,1,1,6,50,44,.880,2.91
Akira Schmid,schmiak01,/players/g/granlmi01.html,Toronto Maple Leafs,2,0,1,0,6,40,34,.850,4.52
Akira Schmid,schmiak01,/players/g/granlmi01.html,Vegas Golden Knights,1,0,0,1,3,27,24,.889,2.78
Akira Schmid,schmiak01,/players/g/granlmi01.html,Washington Capitals,4,2,1,0,6,71,65,.915,2.05
Akira Schmid,schmiak01,/players/g/granlmi01.html,Winnipeg Jets,1,0,1,0,5,30,25,.833,5.02
Calvin Pickard,pickaca01,/players/g/granlmi01.html,Anaheim Ducks,6,3,3,0,17,177,160,.904,2.86
Calvin Pickard,pickaca01,/players/g/granlmi01.html,Arizona Coyotes,8,3,3,1,20,216,196,.907,2.75
Calvin Pickard,pickaca01,/players/g/granlmi01.html,Boston Bruins,2,1,0,0,2,31,29,.935,1.84
Calvin Pickard,pickaca01,/players/g/granlmi01.html,Buffalo Sabres,4,1,1,0,4,87,83,.954,1.14
Calvin Pickard,pickaca01,/players/g/granlmi01.html,Calgary Flames,6,1,4,0,19,176,157,.892,3.52
Calvin Pickard,pickaca01,/players/g/granlmi01.html,Carolina Hurricanes,6,4,0,1,6,168,162,.964,1.07
Calvin Pickard,pickaca01,/players/g/granlmi01.html,Chicago Blackhawks,12,5,5,0,32,340,308,.906,3.05
Calvin Pickard,pickaca01,/players/g/granlmi01.html,Colorado Avalanche,3,0,1,1,7,61,54,.885,2.99
Calvin Pickard,pickaca01,/players/g/granlmi01.html,Columbus Blue Jackets,7,3,3,1,21,179,158,.883,2.98
Calvin Pickard,pickaca01,/players/g/granlmi01.html,Dallas Stars,6,2,3,1,20,190,170,.895,3.35
Calvin Pickard,pickaca01,/players/g/granlmi01.html,Detroit Red Wings,5,4,1,0,11,130,119,.915,2.16
Calvin Pickard,pickaca01,/players/g/granlmi01.html,Edmonton Oilers,3,2,1,0,8,84,76,.905,2.67
Calvin Pickard,pickaca01,/players/g/granlmi01.html,Florida Panthers,6,2,4,0,18,145,127,.876,4.04
Calvin Pickard,pickaca01,/players/g/granlmi01.html,Los Angeles Kings,4,1,2,0,8,83,75,.904,3.26
Calvin Pickard,pickaca01,/players/g/granlmi01.html,Minnesota Wild,8,4,4,0,18,218,200,.917,2.58
Calvin Pickard,pickaca01,/players/g/granlmi01.html,Montreal Canadiens,7,2,5,0,17,186,169,.909,2.66
Calvin Pickard,pickaca01,/players/g/granlmi01.html,Nashville Predators,8,3,4,0,22,250,228,.912,2.82
Calvin Pickard,pickaca01,/players/g/granlmi01.html,New Jersey Devils,6,4,1,0,9,123,114,.927,1.79
Calvin Pickard,pickaca01,/players/g/granlmi01.html,New York Islanders,3,1,1,0,11,88,77,.875,3.74
Calvin Pickard,pickaca01,/players/g/granlmi01.html,New York Rangers,3,1,2,0,9,97,88,.907,3.02
Calvin Pickard,pickaca01,/players/g/granlmi01.html,Ottawa Senators,5,1,4,0,18,150,132,.880,3.69
Calvin Pickard,pickaca01,/players/g/granlmi01.html,Philadelphia Flyers,2,0,2,0,10,60,50,.833,5.08
Calvin Pickard,pickaca01,/players/g/granlmi01.html,Pittsburgh Penguins,7,4,1,1,14,223,209,.937,2.17
Calvin Pickard,pickaca01,/players/g/granlmi01.html,San Jose Sharks,5,3,1,1,16,148,132,.892,3.39
Calvin Pickard,pickaca01,/players/g/granlmi01.html,Seattle Kraken,2,2,0,0,4,46,42,.913,2.00
Calvin Pickard,pickaca01,/players/g/granlmi01.html,St. Louis Blues,6,1,2,1,11,152,141,.928,2.19
Calvin Pickard,pickaca01,/players/g/granlmi01.html,Tampa Bay Lightning,3,0,0,2,11,87,76,.874,3.73
Calvin Pickard,pickaca01,/players/g/granlmi01.html,Toronto Maple Leafs,5,0,2,0,10,48,38,.792,5.03
Calvin Pickard,pickaca01,/players/g/granlmi01.html,Utah Hockey Club,1,1,0,0,3,31,28,.903,2.94
Calvin Pickard,pickaca01,/players/g/granlmi01.html,Vancouver Canucks,4,1,2,1,10,122,112,.918,2.49
Calvin Pickard,pickaca01,/players/g/granlmi01.html,Washington Capitals,3,0,2,0,13,89,76,.854,4.93
Calvin Pickard,pickaca01,/players/g/granlmi01.html,Winnipeg Jets,6,2,3,0,18,146,128,.877,3.61
Stuart Skinner,skinnst01,/players/g/granlmi01.html,Anaheim Ducks,3,2,1,0,8,69,61,.884,2.71
Stuart Skinner,skinnst01,/players/g/granlmi01.html,Arizona Coyotes,3,3,0,0,8,60,52,.867,2.65
Stuart Skinner,skinnst01,/players/g/granlmi01.html,Boston Bruins,7,4,2,1,17,199,182,.915,2.44
Stuart Skinner,skinnst01,/players/g/granlmi01.html,Buffalo Sabres,6,3,2,1,15,182,167,.918,2.50
Stuart Skinner,skinnst01,/players/g/granlmi01.html,Calgary Flames,8,5,2,0,16,262,246,.939,2.06
Stuart Skinner,skinnst01,/players/g/granlmi01.html,Carolina Hurricanes,3,1,1,1,8,84,76,.905,3.44
Stuart Skinner,skinnst01,/players/g/granlmi01.html,Chicago Blackhawks,4,4,0,0,8,105,97,.924,2.00
Stuart Skinner,skinnst01,/players/g/granlmi01.html,Colorado Avalanche,8,4,1,2,20,220,200,.909,2.94
Stuart Skinner,skinnst01,/players/g/granlmi01.html,Columbus Blue Jackets,5,2,2,1,14,129,115,.891,3.06
Stuart Skinner,skinnst01,/players/g/granlmi01.html,Dallas Stars,5,2,3,0,15,136,121,.890,3.04
Stuart Skinner,skinnst01,/players/g/granlmi01.html,Detroit Red Wings,3,1,1,1,9,111,102,.919,2.95
Stuart Skinner,skinnst01,/players/g/granlmi01.html,Florida Panthers,4,2,2,0,15,134,119,.888,3.81
Stuart Skinner,skinnst01,/players/g/granlmi01.html,Los Angeles Kings,10,6,2,1,18,303,285,.941,1.91
Stuart Skinner,skinnst01,/players/g/granlmi01.html,Minnesota Wild,4,2,2,0,12,120,108,.900,3.04
Stuart Skinner,skinnst01,/players/g/granlmi01.html,Montreal Canadiens,4,3,1,0,12,110,98,.891,2.99
Stuart Skinner,skinnst01,/players/g/granlmi01.html,Nashville Predators,1,1,0,0,1,29,28,.966,1.00
Stuart Skinner,skinnst01,/players/g/granlmi01.html,New Jersey Devils,2,0,2,0,9,71,62,.873,4.57
Stuart Skinner,skinnst01,/players/g/granlmi01.html,New York Islanders,3,2,1,0,7,76,69,.908,2.34
Stuart Skinner,skinnst01,/players/g/granlmi01.html,New York Rangers,3,2,1,0,8,100,92,.920,2.67
Stuart Skinner,skinnst01,/players/g/granlmi01.html,Ottawa Senators,6,5,1,0,17,175,158,.903,2.85
Stuart Skinner,skinnst01,/players/g/granlmi01.html,Philadelphia Flyers,5,3,1,1,13,160,147,.919,2.57
Stuart Skinner,skinnst01,/players/g/granlmi01.html,Pittsburgh Penguins,4,2,1,0,7,77,70,.909,2.36
Stuart Skinner,skinnst01,/players/g/granlmi01.html,San Jose Sharks,6,5,1,0,8,136,128,.941,1.35
Stuart Skinner,skinnst01,/players/g/granlmi01.html,Seattle Kraken,9,7,2,0,24,251,227,.904,2.79
Stuart Skinner,skinnst01,/players/g/granlmi01.html,St. Louis Blues,7,4,1,2,18,215,197,.916,2.49
Stuart Skinner,skinnst01,/players/g/granlmi01.html,Tampa Bay Lightning,4,1,3,0,15,103,88,.854,3.85
Stuart Skinner,skinnst01,/players/g/granlmi01.html,Toronto Maple Leafs,6,2,3,1,23,165,142,.861,4.11
Stuart Skinner,skinnst01,/players/g/granlmi01.html,Utah Hockey Club,1,1,0,0,1,27,26,.963,1.00
Stuart Skinner,skinnst01,/players/g/granlmi01.html,Vancouver Canucks,8,2,5,0,28,199,171,.859,3.78
Stuart Skinner,skinnst01,/players/g/granlmi01.html,Vegas Golden Knights,9,5,3,1,25,252,227,.901,2.76
Stuart Skinner,skinnst01,/players/g/granlmi01.html,Washington Capitals,5,2,3,0,13,145,132,.910,2.64
Stuart Skinner,skinnst01,/players/g/granlmi01.html,Winnipeg Jets,7,4,1,1,16,174,158,.908,2.67
Darcy Kuemper,kuempda01,/players/g/granlmi01.html,Anaheim Ducks,17,9,6,0,39,442,403,.912,2.49
Darcy Kuemper,kuempda01,/players/g/granlmi01.html,Arizona Coyotes,11,6,2,3,15,257,242,.942,1.45
Darcy Kuemper,kuempda01,/players/g/granlmi01.html,Boston Bruins,11,2,7,1,29,288,259,.899,2.85
Darcy Kuemper,kuempda01,/players/g/granlmi01.html,Buffalo Sabres,10,5,2,1,25,236,211,.894,3.12
Darcy Kuemper,kuempda01,/players/g/granlmi01.html,Calgary Flames,14,8,3,1,22,437,415,.950,1.75
Darcy Kuemper,kuempda01,/players/g/granlmi01.html,Carolina Hurricanes,12,3,6,1,38,376,338,.899,3.35
Darcy Kuemper,kuempda01,/players/g/granlmi01.html,Chicago Blackhawks,14,8,3,2,32,373,341,.914,2.42
Darcy Kuemper,kuempda01,/players/g/granlmi01.html,Colorado Avalanche,12,4,3,2,24,283,259,.915,2.26
Darcy Kuemper,kuempda01,/players/g/granlmi01.html,Columbus Blue Jackets,10,4,4,2,21,321,300,.935,2.10
Darcy Kuemper,kuempda01,/players/g/granlmi01.html,Dallas Stars,19,9,7,3,54,598,544,.910,2.92
Darcy Kuemper,kuempda01,/players/g/granlmi01.html,Detroit Red Wings,9,3,5,1,23,232,209,.901,2.81
Darcy Kuemper,kuempda01,/players/g/granlmi01.html,Edmonton Oilers,19,11,4,4,47,579,532,.919,2.43
Darcy Kuemper,kuempda01,/players/g/granlmi01.html,Florida Panthers,13,4,7,1,34,410,376,.917,2.70
Darcy Kuemper,kuempda01,/players/g/granlmi01.html,Los Angeles Kings,21,10,7,3,45,617,572,.927,2.24
Darcy Kuemper,kuempda01,/players/g/granlmi01.html,Minnesota Wild,13,5,6,1,35,368,333,.905,2.82
Darcy Kuemper,kuempda01,/players/g/granlmi01.html,Montreal Canadiens,12,6,3,1,30,292,262,.897,2.68
Darcy Kuemper,kuempda01,/players/g/granlmi01.html,Nashville Predators,14,7,2,4,32,396,364,.919,2.37
Darcy Kuemper,kuempda01,/players/g/granlmi01.html,New Jersey Devils,10,1,5,4,24,305,281,.921,2.43
Darcy Kuemper,kuempda01,/players/g/granlmi01.html,New York Islanders,16,7,6,2,40,427,387,.906,2.65
Darcy Kuemper,kuempda01,/players/g/granlmi01.html,New York Rangers,13,9,4,0,35,374,339,.906,2.71
Darcy Kuemper,kuempda01,/players/g/granlmi01.html,Ottawa Senators,12,7,3,2,42,388,346,.892,3.45
Darcy Kuemper,kuempda01,/players/g/granlmi01.html,Philadelphia Flyers,9,4,4,1,28,270,242,.896,3.14
Darcy Kuemper,kuempda01,/players/g/granlmi01.html,Pittsburgh Penguins,10,4,4,2,31,343,312,.910,3.06
Darcy Kuemper,kuempda01,/players/g/granlmi01.html,San Jose Sharks,20,9,5,4,51,567,516,.910,2.71
Darcy Kuemper,kuempda01,/players/g/granlmi01.html,Seattle Kraken,4,1,2,1,13,97,84,.866,3.28
Darcy Kuemper,kuempda01,/players/g/granlmi01.html,St. Louis Blues,17,9,6,0,40,456,416,.912,2.54
Darcy Kuemper,kuempda01,/players/g/granlmi01.html,Tampa Bay Lightning,11,6,4,0,25,293,268,.915,2.58
Darcy Kuemper,kuempda01,/players/g/granlmi01.html,Toronto Maple Leafs,9,3,4,0,20,169,149,.882,3.15
Darcy Kuemper,kuempda01,/players/g/granlmi01.html,Utah Hockey Club,2,2,0,0,5,54,49,.907,2.50
Darcy Kuemper,kuempda01,/players/g/granlmi01.html,Vancouver Canucks,24,14,7,2,53,676,623,.922,2.26
Darcy Kuemper,kuempda01,/players/g/granlmi01.html,Vegas Golden Knights,19,8,7,3,43,592,549,.927,2.33
Darcy Kuemper,kuempda01,/players/g/granlmi01.html,Washington Capitals,4,1,3,0,12,132,120,.909,3.07
Darcy Kuemper,kuempda01,/players/g/granlmi01.html,Winnipeg Jets,11,7,2,0,26,319,293,.918,2.78
Erik Portillo,portier01,/players/g/granlmi01.html,Anaheim Ducks,1,1,0,0,1,29,28,.966,1.02
David Rittich,rittida01,/players/g/granlmi01.html,Anaheim Ducks,8,3,1,1,9,133,124,.932,1.64
David Rittich,rittida01,/players/g/granlmi01.html,Arizona Coyotes,3,2,1,0,7,81,74,.914,2.30
David Rittich,rittida01,/players/g/granlmi01.html,Boston Bruins,4,2,1,1,12,131,119,.908,2.92
David Rittich,rittida01,/players/g/granlmi01.html,Buffalo Sabres,7,4,2,1,17,179,162,.905,2.54
David Rittich,rittida01,/players/g/granlmi01.html,Calgary Flames,4,0,2,2,11,86,75,.872,3.53
David Rittich,rittida01,/players/g/granlmi01.html,Carolina Hurricanes,7,4,3,0,19,213,194,.911,2.73
David Rittich,rittida01,/players/g/granlmi01.html,Chicago Blackhawks,5,3,1,0,15,120,105,.875,3.42
David Rittich,rittida01,/players/g/granlmi01.html,Colorado Avalanche,13,5,6,0,38,348,310,.891,3.37
David Rittich,rittida01,/players/g/granlmi01.html,Columbus Blue Jackets,7,3,2,1,16,194,178,.918,2.55
David Rittich,rittida01,/players/g/granlmi01.html,Dallas Stars,8,4,3,1,21,229,208,.908,2.60
David Rittich,rittida01,/players/g/granlmi01.html,Detroit Red Wings,6,4,0,1,9,121,112,.926,1.68
David Rittich,rittida01,/players/g/granlmi01.html,Edmonton Oilers,13,5,5,1,30,314,284,.904,2.73
David Rittich,rittida01,/players/g/granlmi01.html,Florida Panthers,5,4,1,0,18,156,138,.885,3.98
David Rittich,rittida01,/players/g/granlmi01.html,Los Angeles Kings,6,2,3,1,19,180,161,.894,3.40
David Rittich,rittida01,/players/g/granlmi01.html,Minnesota Wild,6,5,0,1,13,199,186,.935,2.11
David Rittich,rittida01,/players/g/granlmi01.html,Montreal Canadiens,7,2,3,1,16,214,198,.925,2.47
David Rittich,rittida01,/players/g/granlmi01.html,Nashville Predators,6,3,2,1,18,200,182,.910,2.99
David Rittich,rittida01,/players/g/granlmi01.html,New Jersey Devils,6,5,1,0,13,154,141,.916,2.19
David Rittich,rittida01,/players/g/granlmi01.html,New York Islanders,4,2,1,0,6,70,64,.914,2.03
David Rittich,rittida01,/players/g/granlmi01.html,New York Rangers,3,3,0,0,3,93,90,.968,1.00
David Rittich,rittida01,/players/g/granlmi01.html,Ottawa Senators,10,7,3,0,24,279,255,.914,2.52
David Rittich,rittida01,/players/g/granlmi01.html,Philadelphia Flyers,7,6,0,0,13,154,141,.916,2.31
David Rittich,rittida01,/players/g/granlmi01.html,Pittsburgh Penguins,5,1,1,2,15,138,123,.891,3.26
David Rittich,rittida01,/players/g/granlmi01.html,San Jose Sharks,16,6,4,3,41,358,317,.885,2.94
David Rittich,rittida01,/players/g/granlmi01.html,Seattle Kraken,4,3,1,0,8,104,96,.923,1.97
David Rittich,rittida01,/players/g/granlmi01.html,St. Louis Blues,8,2,2,2,25,210,185,.881,3.65
David Rittich,rittida01,/players/g/granlmi01.html,Tampa Bay Lightning,6,0,3,1,17,141,124,.879,3.75
David Rittich,rittida01,/players/g/granlmi01.html,Toronto Maple Leafs,8,3,4,1,21,252,231,.917,2.80
David Rittich,rittida01,/players/g/granlmi01.html,Vancouver Canucks,12,5,3,3,28,264,236,.894,2.67
David Rittich,rittida01,/players/g/granlmi01.html,Vegas Golden Knights,9,2,7,0,36,264,228,.864,4.07
David Rittich,rittida01,/players/g/granlmi01.html,Washington Capitals,2,0,2,0,5,46,41,.891,2.57
David Rittich,rittida01,/players/g/granlmi01.html,Winnipeg Jets,8,4,1,1,14,210,196,.933,1.97
Pheonix Copley,copleph01,/players/g/granlmi01.html,Anaheim Ducks,2,1,0,0,2,42,40,.952,1.21
Pheonix Copley,copleph01,/players/g/granlmi01.html,Arizona Coyotes,4,3,0,0,9,93,84,.903,2.87
Pheonix Copley,copleph01,/players/g/granlmi01.html,Boston Bruins,2,1,1,0,6,56,50,.893,2.90
Pheonix Copley,copleph01,/players/g/granlmi01.html,Buffalo Sabres,3,2,1,0,11,89,78,.876,3.57
Pheonix Copley,copleph01,/players/g/granlmi01.html,Calgary Flames,3,3,0,0,8,78,70,.897,2.55
Pheonix Copley,copleph01,/players/g/granlmi01.html,Carolina Hurricanes,2,0,0,2,10,49,39,.796,4.67
Pheonix Copley,copleph01,/players/g/granlmi01.html,Chicago Blackhawks,2,1,1,0,4,36,32,.889,2.48
Pheonix Copley,copleph01,/players/g/granlmi01.html,Colorado Avalanche,4,3,1,0,13,113,100,.885,3.16
Pheonix Copley,copleph01,/players/g/granlmi01.html,Columbus Blue Jackets,4,2,0,1,9,89,80,.899,2.73
Pheonix Copley,copleph01,/players/g/granlmi01.html,Dallas Stars,3,1,1,1,8,76,68,.895,3.18
Pheonix Copley,copleph01,/players/g/granlmi01.html,Edmonton Oilers,4,2,2,0,8,118,110,.932,2.06
Pheonix Copley,copleph01,/players/g/granlmi01.html,Florida Panthers,3,1,1,1,8,100,92,.920,3.00
Pheonix Copley,copleph01,/players/g/granlmi01.html,Los Angeles Kings,2,2,0,0,6,61,55,.902,3.00
Pheonix Copley,copleph01,/players/g/granlmi01.html,Minnesota Wild,2,1,1,0,4,48,44,.917,2.04
Pheonix Copley,copleph01,/players/g/granlmi01.html,Montreal Canadiens,4,3,0,0,8,83,75,.904,2.39
Pheonix Copley,copleph01,/players/g/granlmi01.html,Nashville Predators,4,0,1,1,11,68,57,.838,4.40
Pheonix Copley,copleph01,/players/g/granlmi01.html,New Jersey Devils,3,1,1,1,11,89,78,.876,3.62
Pheonix Copley,copleph01,/players/g/granlmi01.html,New York Islanders,1,0,1,0,2,23,21,.913,2.07
Pheonix Copley,copleph01,/players/g/granlmi01.html,New York Rangers,4,2,1,0,14,102,88,.863,3.81
Pheonix Copley,copleph01,/players/g/granlmi01.html,Ottawa Senators,3,3,0,0,4,101,97,.960,1.34
Pheonix Copley,copleph01,/players/g/granlmi01.html,Philadelphia Flyers,2,2,0,0,6,71,65,.915,2.98
Pheonix Copley,copleph01,/players/g/granlmi01.html,Pittsburgh Penguins,2,1,0,1,4,45,41,.911,1.94
Pheonix Copley,copleph01,/players/g/granlmi01.html,San Jose Sharks,2,2,0,0,5,55,50,.909,2.40
Pheonix Copley,copleph01,/players/g/granlmi01.html,Seattle Kraken,1,1,0,0,1,26,25,.962,1.00
Pheonix Copley,copleph01,/players/g/granlmi01.html,St. Louis Blues,2,1,1,0,10,59,49,.831,5.13
Pheonix Copley,copleph01,/players/g/granlmi01.html,Toronto Maple Leafs,1,0,0,0,2,12,10,.833,4.37
Pheonix Copley,copleph01,/players/g/granlmi01.html,Vegas Golden Knights,3,2,0,0,3,67,64,.955,1.13
Pheonix Copley,copleph01,/players/g/granlmi01.html,Washington Capitals,1,1,0,0,2,22,20,.909,2.00
Pheonix Copley,copleph01,/players/g/granlmi01.html,Winnipeg Jets,4,2,2,0,13,117,104,.889,3.22
Dustin Wolf,NA,/players/g/granlmi01.html,Anaheim Ducks,3,3,0,0,6,81,75,.926,1.99
Dustin Wolf,NA,/players/g/granlmi01.html,Arizona Coyotes,1,1,0,0,5,35,30,.857,5.00
Dustin Wolf,NA,/players/g/granlmi01.html,Boston Bruins,2,0,0,2,8,73,65,.890,3.72
Dustin Wolf,NA,/players/g/granlmi01.html,Buffalo Sabres,2,1,1,0,4,61,57,.934,2.03
Dustin Wolf,NA,/players/g/granlmi01.html,Carolina Hurricanes,2,1,0,1,4,63,59,.937,1.95
Dustin Wolf,NA,/players/g/granlmi01.html,Chicago Blackhawks,3,3,0,0,7,85,78,.918,2.34
Dustin Wolf,NA,/players/g/granlmi01.html,Colorado Avalanche,2,0,1,0,4,37,33,.892,3.07
Dustin Wolf,NA,/players/g/granlmi01.html,Columbus Blue Jackets,1,0,1,0,4,33,29,.879,4.10
Dustin Wolf,NA,/players/g/granlmi01.html,Dallas Stars,1,0,1,0,6,28,22,.786,6.00
Dustin Wolf,NA,/players/g/granlmi01.html,Detroit Red Wings,1,0,1,0,2,24,22,.917,2.07
Dustin Wolf,NA,/players/g/granlmi01.html,Florida Panthers,1,1,0,0,0,32,32,1.000,0.00
Dustin Wolf,NA,/players/g/granlmi01.html,Los Angeles Kings,2,2,0,0,2,61,59,.967,1.00
Dustin Wolf,NA,/players/g/granlmi01.html,Minnesota Wild,2,1,0,0,6,38,32,.842,3.65
Dustin Wolf,NA,/players/g/granlmi01.html,Montreal Canadiens,2,2,0,0,4,62,58,.935,2.00
Dustin Wolf,NA,/players/g/granlmi01.html,Nashville Predators,2,1,1,0,3,56,53,.946,1.53
Dustin Wolf,NA,/players/g/granlmi01.html,New Jersey Devils,1,0,1,0,3,29,26,.897,3.07
Dustin Wolf,NA,/players/g/granlmi01.html,New York Islanders,1,1,0,0,1,29,28,.966,0.92
Dustin Wolf,NA,/players/g/granlmi01.html,New York Rangers,1,1,0,0,2,29,27,.931,2.00
Dustin Wolf,NA,/players/g/granlmi01.html,Ottawa Senators,2,0,2,0,8,68,60,.882,4.11
Dustin Wolf,NA,/players/g/granlmi01.html,Philadelphia Flyers,1,1,0,0,3,40,37,.925,3.05
Dustin Wolf,NA,/players/g/granlmi01.html,Pittsburgh Penguins,1,1,0,0,3,38,35,.921,2.82
Dustin Wolf,NA,/players/g/granlmi01.html,San Jose Sharks,6,5,1,0,13,145,132,.910,2.15
Dustin Wolf,NA,/players/g/granlmi01.html,Seattle Kraken,1,0,0,1,3,28,25,.893,2.86
Dustin Wolf,NA,/players/g/granlmi01.html,St. Louis Blues,2,0,2,0,8,47,39,.830,4.08
Dustin Wolf,NA,/players/g/granlmi01.html,Tampa Bay Lightning,1,0,1,0,2,21,19,.905,2.01
Dustin Wolf,NA,/players/g/granlmi01.html,Toronto Maple Leafs,1,0,1,0,5,29,24,.828,5.23
Dustin Wolf,NA,/players/g/granlmi01.html,Utah Hockey Club,1,0,1,0,5,28,23,.821,5.00
Dustin Wolf,NA,/players/g/granlmi01.html,Vancouver Canucks,1,1,0,0,1,24,23,.958,1.00
Dustin Wolf,NA,/players/g/granlmi01.html,Vegas Golden Knights,2,1,0,1,6,68,62,.912,2.99
Dustin Wolf,NA,/players/g/granlmi01.html,Washington Capitals,2,0,2,0,7,55,48,.873,3.68
Dustin Wolf,NA,/players/g/granlmi01.html,Winnipeg Jets,3,1,2,0,9,117,108,.923,3.06
Daniel Vladař,vladada01,/players/g/granlmi01.html,Anaheim Ducks,3,3,0,0,6,67,61,.910,2.19
Daniel Vladař,vladada01,/players/g/granlmi01.html,Arizona Coyotes,3,3,0,0,7,59,52,.881,2.28
Daniel Vladař,vladada01,/players/g/granlmi01.html,Boston Bruins,3,1,1,0,4,60,56,.933,1.72
Daniel Vladař,vladada01,/players/g/granlmi01.html,Buffalo Sabres,4,2,1,1,9,92,83,.902,2.41
Daniel Vladař,vladada01,/players/g/granlmi01.html,Carolina Hurricanes,4,0,4,0,19,152,133,.875,4.79
Daniel Vladař,vladada01,/players/g/granlmi01.html,Chicago Blackhawks,2,0,1,1,5,34,29,.853,3.05
Daniel Vladař,vladada01,/players/g/granlmi01.html,Colorado Avalanche,5,1,4,0,20,164,144,.878,4.36
Daniel Vladař,vladada01,/players/g/granlmi01.html,Columbus Blue Jackets,3,3,0,0,5,61,56,.918,1.64
Daniel Vladař,vladada01,/players/g/granlmi01.html,Dallas Stars,2,2,0,0,5,38,33,.868,3.75
Daniel Vladař,vladada01,/players/g/granlmi01.html,Detroit Red Wings,5,0,3,1,16,107,91,.850,3.48
Daniel Vladař,vladada01,/players/g/granlmi01.html,Edmonton Oilers,5,3,2,0,12,151,139,.921,2.42
Daniel Vladař,vladada01,/players/g/granlmi01.html,Florida Panthers,2,1,1,0,5,75,70,.933,2.50
Daniel Vladař,vladada01,/players/g/granlmi01.html,Los Angeles Kings,2,0,0,1,6,45,39,.867,4.32
Daniel Vladař,vladada01,/players/g/granlmi01.html,Minnesota Wild,4,2,1,1,11,99,88,.889,3.13
Daniel Vladař,vladada01,/players/g/granlmi01.html,Nashville Predators,4,3,0,1,12,102,90,.882,2.93
Daniel Vladař,vladada01,/players/g/granlmi01.html,New Jersey Devils,2,2,0,0,3,52,49,.942,1.50
Daniel Vladař,vladada01,/players/g/granlmi01.html,Ottawa Senators,2,1,0,1,3,56,53,.946,1.49
Daniel Vladař,vladada01,/players/g/granlmi01.html,Philadelphia Flyers,1,0,0,1,3,32,29,.906,2.86
Daniel Vladař,vladada01,/players/g/granlmi01.html,Pittsburgh Penguins,4,1,2,1,11,139,128,.921,2.72
Daniel Vladař,vladada01,/players/g/granlmi01.html,San Jose Sharks,2,1,1,0,6,59,53,.898,3.02
Daniel Vladař,vladada01,/players/g/granlmi01.html,Seattle Kraken,8,6,1,1,19,199,180,.905,2.58
Daniel Vladař,vladada01,/players/g/granlmi01.html,St. Louis Blues,3,1,1,1,7,75,68,.907,2.33
Daniel Vladař,vladada01,/players/g/granlmi01.html,Tampa Bay Lightning,4,2,2,0,17,116,99,.853,4.25
Daniel Vladař,vladada01,/players/g/granlmi01.html,Toronto Maple Leafs,4,0,1,3,15,139,124,.892,3.65
Daniel Vladař,vladada01,/players/g/granlmi01.html,Utah Hockey Club,1,0,1,0,4,25,21,.840,4.10
Daniel Vladař,vladada01,/players/g/granlmi01.html,Vancouver Canucks,5,3,1,0,17,129,112,.868,3.91
Daniel Vladař,vladada01,/players/g/granlmi01.html,Vegas Golden Knights,5,1,2,1,14,139,125,.899,3.08
Daniel Vladař,vladada01,/players/g/granlmi01.html,Washington Capitals,5,3,2,0,18,140,122,.871,3.59
Daniel Vladař,vladada01,/players/g/granlmi01.html,Winnipeg Jets,2,0,2,0,7,69,62,.899,3.56
Kevin Lankinen,lankike01,/players/g/granlmi01.html,Anaheim Ducks,3,3,0,0,5,82,77,.939,1.67
Kevin Lankinen,lankike01,/players/g/granlmi01.html,Arizona Coyotes,4,1,1,1,9,99,90,.909,2.62
Kevin Lankinen,lankike01,/players/g/granlmi01.html,Boston Bruins,2,1,1,0,4,69,65,.942,2.02
Kevin Lankinen,lankike01,/players/g/granlmi01.html,Buffalo Sabres,2,1,1,0,9,71,62,.873,4.40
Kevin Lankinen,lankike01,/players/g/granlmi01.html,Calgary Flames,5,2,2,0,8,134,126,.940,1.87
Kevin Lankinen,lankike01,/players/g/granlmi01.html,Carolina Hurricanes,8,3,3,2,31,273,242,.886,3.85
Kevin Lankinen,lankike01,/players/g/granlmi01.html,Chicago Blackhawks,3,3,0,0,6,91,85,.934,2.00
Kevin Lankinen,lankike01,/players/g/granlmi01.html,Colorado Avalanche,3,0,3,0,15,110,95,.864,5.13
Kevin Lankinen,lankike01,/players/g/granlmi01.html,Columbus Blue Jackets,12,8,3,0,30,372,342,.919,2.70
Kevin Lankinen,lankike01,/players/g/granlmi01.html,Dallas Stars,10,6,2,1,32,298,266,.893,3.40
Kevin Lankinen,lankike01,/players/g/granlmi01.html,Detroit Red Wings,8,5,2,1,17,237,220,.928,2.10
Kevin Lankinen,lankike01,/players/g/granlmi01.html,Edmonton Oilers,6,1,4,0,24,170,146,.859,4.37
Kevin Lankinen,lankike01,/players/g/granlmi01.html,Florida Panthers,12,7,3,2,30,408,378,.926,2.49
Kevin Lankinen,lankike01,/players/g/granlmi01.html,Los Angeles Kings,4,3,0,0,5,82,77,.939,1.52
Kevin Lankinen,lankike01,/players/g/granlmi01.html,Minnesota Wild,5,0,1,2,12,139,127,.914,2.86
Kevin Lankinen,lankike01,/players/g/granlmi01.html,Montreal Canadiens,1,0,0,1,5,24,19,.792,4.94
Kevin Lankinen,lankike01,/players/g/granlmi01.html,Nashville Predators,8,1,6,1,22,212,190,.896,2.89
Kevin Lankinen,lankike01,/players/g/granlmi01.html,New Jersey Devils,2,1,0,1,9,65,56,.862,4.57
Kevin Lankinen,lankike01,/players/g/granlmi01.html,New York Islanders,3,1,2,0,6,109,103,.945,2.06
Kevin Lankinen,lankike01,/players/g/granlmi01.html,New York Rangers,3,0,3,0,11,61,50,.820,5.30
Kevin Lankinen,lankike01,/players/g/granlmi01.html,Ottawa Senators,2,1,0,1,8,51,43,.843,4.05
Kevin Lankinen,lankike01,/players/g/granlmi01.html,Philadelphia Flyers,4,2,1,1,7,118,111,.941,1.73
Kevin Lankinen,lankike01,/players/g/granlmi01.html,Pittsburgh Penguins,2,1,0,0,4,40,36,.900,2.21
Kevin Lankinen,lankike01,/players/g/granlmi01.html,San Jose Sharks,4,3,1,0,12,112,100,.893,2.94
Kevin Lankinen,lankike01,/players/g/granlmi01.html,Seattle Kraken,4,1,2,0,9,82,73,.890,2.76
Kevin Lankinen,lankike01,/players/g/granlmi01.html,St. Louis Blues,3,3,0,0,7,90,83,.922,2.31
Kevin Lankinen,lankike01,/players/g/granlmi01.html,Tampa Bay Lightning,6,0,4,1,22,180,158,.878,4.14
Kevin Lankinen,lankike01,/players/g/granlmi01.html,Toronto Maple Leafs,6,2,3,1,15,178,163,.916,2.59
Kevin Lankinen,lankike01,/players/g/granlmi01.html,Vancouver Canucks,3,0,2,0,7,61,54,.885,3.08
Kevin Lankinen,lankike01,/players/g/granlmi01.html,Vegas Golden Knights,7,3,2,2,22,218,196,.899,3.08
Kevin Lankinen,lankike01,/players/g/granlmi01.html,Washington Capitals,3,2,0,1,5,83,78,.940,1.63
Kevin Lankinen,lankike01,/players/g/granlmi01.html,Winnipeg Jets,1,0,1,0,6,33,27,.818,6.00
Thatcher Demko,demkoth01,/players/g/granlmi01.html,Anaheim Ducks,6,4,2,0,16,153,137,.895,2.96
Thatcher Demko,demkoth01,/players/g/granlmi01.html,Arizona Coyotes,6,3,3,0,14,169,155,.917,2.36
Thatcher Demko,demkoth01,/players/g/granlmi01.html,Boston Bruins,6,2,3,0,16,145,129,.890,3.14
Thatcher Demko,demkoth01,/players/g/granlmi01.html,Buffalo Sabres,7,3,3,1,22,216,194,.898,3.13
Thatcher Demko,demkoth01,/players/g/granlmi01.html,Calgary Flames,15,7,5,3,42,465,423,.910,2.87
Thatcher Demko,demkoth01,/players/g/granlmi01.html,Carolina Hurricanes,7,3,3,1,18,201,183,.910,2.57
Thatcher Demko,demkoth01,/players/g/granlmi01.html,Chicago Blackhawks,7,6,1,0,9,201,192,.955,1.29
Thatcher Demko,demkoth01,/players/g/granlmi01.html,Colorado Avalanche,8,3,4,1,24,216,192,.889,3.17
Thatcher Demko,demkoth01,/players/g/granlmi01.html,Columbus Blue Jackets,5,2,3,0,18,134,116,.866,3.58
Thatcher Demko,demkoth01,/players/g/granlmi01.html,Dallas Stars,9,7,1,1,20,262,242,.924,2.21
Thatcher Demko,demkoth01,/players/g/granlmi01.html,Detroit Red Wings,3,2,1,0,3,90,87,.967,1.02
Thatcher Demko,demkoth01,/players/g/granlmi01.html,Edmonton Oilers,16,6,9,1,46,518,472,.911,2.93
Thatcher Demko,demkoth01,/players/g/granlmi01.html,Florida Panthers,5,2,3,0,15,160,145,.906,3.50
Thatcher Demko,demkoth01,/players/g/granlmi01.html,Los Angeles Kings,8,5,3,0,19,237,218,.920,2.33
Thatcher Demko,demkoth01,/players/g/granlmi01.html,Minnesota Wild,5,0,3,2,17,170,153,.900,3.40
Thatcher Demko,demkoth01,/players/g/granlmi01.html,Montreal Canadiens,9,5,4,0,31,308,277,.899,3.42
Thatcher Demko,demkoth01,/players/g/granlmi01.html,Nashville Predators,8,5,2,1,19,234,215,.919,2.38
Thatcher Demko,demkoth01,/players/g/granlmi01.html,New Jersey Devils,6,2,3,0,19,171,152,.889,3.46
Thatcher Demko,demkoth01,/players/g/granlmi01.html,New York Islanders,4,3,0,0,11,124,113,.911,2.86
Thatcher Demko,demkoth01,/players/g/granlmi01.html,New York Rangers,3,3,0,0,7,100,93,.930,2.31
Thatcher Demko,demkoth01,/players/g/granlmi01.html,Ottawa Senators,12,8,3,1,29,375,346,.923,2.46
Thatcher Demko,demkoth01,/players/g/granlmi01.html,Philadelphia Flyers,4,1,3,0,11,142,131,.923,2.78
Thatcher Demko,demkoth01,/players/g/granlmi01.html,Pittsburgh Penguins,5,1,3,1,21,194,173,.892,4.21
Thatcher Demko,demkoth01,/players/g/granlmi01.html,San Jose Sharks,13,13,0,0,28,381,353,.927,2.14
Thatcher Demko,demkoth01,/players/g/granlmi01.html,Seattle Kraken,9,5,2,1,25,247,222,.899,2.97
Thatcher Demko,demkoth01,/players/g/granlmi01.html,St. Louis Blues,8,3,2,3,22,244,222,.910,2.73
Thatcher Demko,demkoth01,/players/g/granlmi01.html,Tampa Bay Lightning,5,1,3,0,13,132,119,.902,3.04
Thatcher Demko,demkoth01,/players/g/granlmi01.html,Toronto Maple Leafs,11,6,4,0,33,368,335,.910,3.27
Thatcher Demko,demkoth01,/players/g/granlmi01.html,Utah Hockey Club,1,0,0,1,3,31,28,.903,2.78
Thatcher Demko,demkoth01,/players/g/granlmi01.html,Vegas Golden Knights,9,3,4,1,30,302,272,.901,3.43
Thatcher Demko,demkoth01,/players/g/granlmi01.html,Washington Capitals,4,2,1,1,14,130,116,.892,3.44
Thatcher Demko,demkoth01,/players/g/granlmi01.html,Winnipeg Jets,12,6,6,0,26,360,334,.928,2.29
Arturs Silovs,silovar01,/players/g/granlmi01.html,Anaheim Ducks,2,1,1,0,6,46,40,.870,3.03
Arturs Silovs,silovar01,/players/g/granlmi01.html,Arizona Coyotes,2,1,0,1,5,39,34,.872,2.43
Arturs Silovs,silovar01,/players/g/granlmi01.html,Boston Bruins,1,0,1,0,2,34,32,.941,2.02
Arturs Silovs,silovar01,/players/g/granlmi01.html,Calgary Flames,1,0,0,1,6,26,20,.769,5.94
Arturs Silovs,silovar01,/players/g/granlmi01.html,Chicago Blackhawks,1,1,0,0,1,29,28,.966,1.00
Arturs Silovs,silovar01,/players/g/granlmi01.html,Edmonton Oilers,1,0,0,0,0,4,4,1.000,0.00
Arturs Silovs,silovar01,/players/g/granlmi01.html,Nashville Predators,1,1,0,0,3,32,29,.906,2.79
Arturs Silovs,silovar01,/players/g/granlmi01.html,New Jersey Devils,1,0,1,0,6,22,16,.727,6.00
Arturs Silovs,silovar01,/players/g/granlmi01.html,New York Rangers,2,0,2,0,9,60,51,.850,4.61
Arturs Silovs,silovar01,/players/g/granlmi01.html,Philadelphia Flyers,1,1,0,0,2,37,35,.946,2.00
Arturs Silovs,silovar01,/players/g/granlmi01.html,Pittsburgh Penguins,1,0,1,0,5,23,18,.783,5.19
Arturs Silovs,silovar01,/players/g/granlmi01.html,St. Louis Blues,1,1,0,0,2,22,20,.909,1.89
Arturs Silovs,silovar01,/players/g/granlmi01.html,Tampa Bay Lightning,1,0,1,0,3,26,23,.885,3.03
Arturs Silovs,silovar01,/players/g/granlmi01.html,Utah Hockey Club,1,0,1,0,2,32,30,.938,2.05
Arturs Silovs,silovar01,/players/g/granlmi01.html,Vegas Golden Knights,1,1,0,0,3,23,20,.870,3.00
John Gibson,gibsojo02,/players/g/granlmi01.html,Arizona Coyotes,20,9,5,5,48,593,545,.919,2.42
John Gibson,gibsojo02,/players/g/granlmi01.html,Boston Bruins,11,5,4,1,29,334,305,.913,2.76
John Gibson,gibsojo02,/players/g/granlmi01.html,Buffalo Sabres,9,4,4,1,25,279,254,.910,2.81
John Gibson,gibsojo02,/players/g/granlmi01.html,Calgary Flames,22,11,9,2,53,614,561,.914,2.59
John Gibson,gibsojo02,/players/g/granlmi01.html,Carolina Hurricanes,11,6,5,0,31,374,343,.917,2.98
John Gibson,gibsojo02,/players/g/granlmi01.html,Chicago Blackhawks,17,6,9,1,51,486,435,.895,3.44
John Gibson,gibsojo02,/players/g/granlmi01.html,Colorado Avalanche,25,10,11,2,59,768,709,.923,2.49
John Gibson,gibsojo02,/players/g/granlmi01.html,Columbus Blue Jackets,14,9,4,1,36,417,381,.914,2.66
John Gibson,gibsojo02,/players/g/granlmi01.html,Dallas Stars,19,6,9,3,49,591,542,.917,2.75
John Gibson,gibsojo02,/players/g/granlmi01.html,Detroit Red Wings,14,8,5,1,33,374,341,.912,2.45
John Gibson,gibsojo02,/players/g/granlmi01.html,Edmonton Oilers,23,9,9,3,76,713,637,.893,3.48
John Gibson,gibsojo02,/players/g/granlmi01.html,Florida Panthers,16,4,8,3,50,607,557,.918,3.29
John Gibson,gibsojo02,/players/g/granlmi01.html,Los Angeles Kings,29,14,13,1,73,850,777,.914,2.56
John Gibson,gibsojo02,/players/g/granlmi01.html,Minnesota Wild,20,7,8,4,52,649,597,.920,2.67
John Gibson,gibsojo02,/players/g/granlmi01.html,Montreal Canadiens,10,7,2,1,23,317,294,.927,2.29
John Gibson,gibsojo02,/players/g/granlmi01.html,Nashville Predators,19,7,9,2,59,566,507,.896,3.33
John Gibson,gibsojo02,/players/g/granlmi01.html,New Jersey Devils,9,6,3,0,18,231,213,.922,2.27
John Gibson,gibsojo02,/players/g/granlmi01.html,New York Islanders,10,4,4,1,31,308,277,.899,3.31
John Gibson,gibsojo02,/players/g/granlmi01.html,New York Rangers,11,3,4,3,35,333,298,.895,3.29
John Gibson,gibsojo02,/players/g/granlmi01.html,Ottawa Senators,9,4,3,2,17,253,236,.933,2.01
John Gibson,gibsojo02,/players/g/granlmi01.html,Philadelphia Flyers,10,5,3,2,28,329,301,.915,2.79
John Gibson,gibsojo02,/players/g/granlmi01.html,Pittsburgh Penguins,16,6,8,1,47,507,460,.907,3.22
John Gibson,gibsojo02,/players/g/granlmi01.html,San Jose Sharks,22,9,7,5,61,635,574,.904,2.96
John Gibson,gibsojo02,/players/g/granlmi01.html,Seattle Kraken,7,3,4,0,27,229,202,.882,4.03
John Gibson,gibsojo02,/players/g/granlmi01.html,St. Louis Blues,24,6,16,1,73,701,628,.896,3.34
John Gibson,gibsojo02,/players/g/granlmi01.html,Tampa Bay Lightning,10,4,5,1,21,307,286,.932,2.13
John Gibson,gibsojo02,/players/g/granlmi01.html,Toronto Maple Leafs,11,3,5,2,32,336,304,.905,3.33
John Gibson,gibsojo02,/players/g/granlmi01.html,Vancouver Canucks,20,13,5,2,43,603,560,.929,2.15
John Gibson,gibsojo02,/players/g/granlmi01.html,Vegas Golden Knights,30,6,18,5,95,1004,909,.905,3.37
John Gibson,gibsojo02,/players/g/granlmi01.html,Washington Capitals,14,3,6,4,40,421,381,.905,2.99
John Gibson,gibsojo02,/players/g/granlmi01.html,Winnipeg Jets,20,5,11,3,64,585,521,.891,3.31
Lukáš Dostál,dostalu01,/players/g/granlmi01.html,Arizona Coyotes,2,1,1,0,5,62,57,.919,2.47
Lukáš Dostál,dostalu01,/players/g/granlmi01.html,Boston Bruins,1,1,0,0,1,10,9,.900,2.54
Lukáš Dostál,dostalu01,/players/g/granlmi01.html,Buffalo Sabres,2,0,2,0,10,81,71,.877,5.09
Lukáš Dostál,dostalu01,/players/g/granlmi01.html,Calgary Flames,4,1,2,1,13,153,140,.915,3.24
Lukáš Dostál,dostalu01,/players/g/granlmi01.html,Carolina Hurricanes,3,2,0,0,6,81,75,.926,2.54
Lukáš Dostál,dostalu01,/players/g/granlmi01.html,Chicago Blackhawks,6,2,3,0,10,149,139,.933,1.96
Lukáš Dostál,dostalu01,/players/g/granlmi01.html,Colorado Avalanche,3,0,1,2,17,133,116,.872,5.49
Lukáš Dostál,dostalu01,/players/g/granlmi01.html,Columbus Blue Jackets,2,2,0,0,6,79,73,.924,2.95
Lukáš Dostál,dostalu01,/players/g/granlmi01.html,Dallas Stars,1,1,0,0,2,36,34,.944,2.00
Lukáš Dostál,dostalu01,/players/g/granlmi01.html,Detroit Red Wings,4,2,1,1,14,132,118,.894,3.43
Lukáš Dostál,dostalu01,/players/g/granlmi01.html,Edmonton Oilers,7,2,4,0,20,165,145,.879,4.04
Lukáš Dostál,dostalu01,/players/g/granlmi01.html,Florida Panthers,1,0,1,0,5,29,24,.828,5.01
Lukáš Dostál,dostalu01,/players/g/granlmi01.html,Los Angeles Kings,5,2,3,0,11,185,174,.941,2.19
Lukáš Dostál,dostalu01,/players/g/granlmi01.html,Minnesota Wild,5,1,3,0,13,153,140,.915,3.06
Lukáš Dostál,dostalu01,/players/g/granlmi01.html,Montreal Canadiens,4,2,1,1,11,107,96,.897,2.69
Lukáš Dostál,dostalu01,/players/g/granlmi01.html,Nashville Predators,3,2,1,0,7,103,96,.932,2.68
Lukáš Dostál,dostalu01,/players/g/granlmi01.html,New Jersey Devils,3,2,0,0,5,99,94,.949,2.14
Lukáš Dostál,dostalu01,/players/g/granlmi01.html,New York Islanders,2,1,1,0,7,60,53,.883,3.53
Lukáš Dostál,dostalu01,/players/g/granlmi01.html,New York Rangers,3,0,3,0,11,103,92,.893,3.75
Lukáš Dostál,dostalu01,/players/g/granlmi01.html,Ottawa Senators,4,2,1,0,8,118,110,.932,2.35
Lukáš Dostál,dostalu01,/players/g/granlmi01.html,Philadelphia Flyers,3,1,2,0,11,89,78,.876,3.77
Lukáš Dostál,dostalu01,/players/g/granlmi01.html,Pittsburgh Penguins,2,1,0,1,4,80,76,.950,2.34
Lukáš Dostál,dostalu01,/players/g/granlmi01.html,San Jose Sharks,3,2,1,0,5,82,77,.939,1.67
Lukáš Dostál,dostalu01,/players/g/granlmi01.html,Seattle Kraken,6,1,5,0,20,173,153,.884,3.38
Lukáš Dostál,dostalu01,/players/g/granlmi01.html,St. Louis Blues,3,0,2,1,15,80,65,.813,5.96
Lukáš Dostál,dostalu01,/players/g/granlmi01.html,Tampa Bay Lightning,4,0,2,2,17,147,130,.884,4.16
Lukáš Dostál,dostalu01,/players/g/granlmi01.html,Toronto Maple Leafs,4,0,2,1,14,123,109,.886,4.93
Lukáš Dostál,dostalu01,/players/g/granlmi01.html,Utah Hockey Club,2,2,0,0,8,55,47,.855,3.81
Lukáš Dostál,dostalu01,/players/g/granlmi01.html,Vancouver Canucks,6,1,4,1,18,192,174,.906,3.04
Lukáš Dostál,dostalu01,/players/g/granlmi01.html,Vegas Golden Knights,3,1,2,0,7,94,87,.926,2.63
Lukáš Dostál,dostalu01,/players/g/granlmi01.html,Winnipeg Jets,2,1,1,0,5,56,51,.911,2.55
Joey Daccord,daccojo01,/players/g/granlmi01.html,Anaheim Ducks,4,3,1,0,9,102,93,.912,2.30
Joey Daccord,daccojo01,/players/g/granlmi01.html,Arizona Coyotes,3,0,0,2,5,53,48,.906,2.30
Joey Daccord,daccojo01,/players/g/granlmi01.html,Boston Bruins,2,1,1,0,3,70,67,.957,1.55
Joey Daccord,daccojo01,/players/g/granlmi01.html,Buffalo Sabres,5,3,2,0,16,146,130,.890,3.91
Joey Daccord,daccojo01,/players/g/granlmi01.html,Calgary Flames,7,3,1,1,15,173,158,.913,2.61
Joey Daccord,daccojo01,/players/g/granlmi01.html,Carolina Hurricanes,4,2,1,1,12,138,126,.913,2.95
Joey Daccord,daccojo01,/players/g/granlmi01.html,Chicago Blackhawks,4,3,1,0,7,99,92,.929,1.78
Joey Daccord,daccojo01,/players/g/granlmi01.html,Colorado Avalanche,2,0,2,0,8,58,50,.862,4.01
Joey Daccord,daccojo01,/players/g/granlmi01.html,Columbus Blue Jackets,4,3,0,0,8,110,102,.927,2.39
Joey Daccord,daccojo01,/players/g/granlmi01.html,Dallas Stars,3,1,1,1,10,86,76,.884,3.30
Joey Daccord,daccojo01,/players/g/granlmi01.html,Detroit Red Wings,4,1,0,2,15,118,103,.873,3.69
Joey Daccord,daccojo01,/players/g/granlmi01.html,Edmonton Oilers,7,0,5,1,25,203,178,.877,3.77
Joey Daccord,daccojo01,/players/g/granlmi01.html,Florida Panthers,4,2,1,1,5,121,116,.959,1.23
Joey Daccord,daccojo01,/players/g/granlmi01.html,Los Angeles Kings,4,2,1,1,7,132,125,.947,1.74
Joey Daccord,daccojo01,/players/g/granlmi01.html,Minnesota Wild,4,2,2,0,13,100,87,.870,3.82
Joey Daccord,daccojo01,/players/g/granlmi01.html,Montreal Canadiens,3,1,1,0,5,73,68,.932,1.86
Joey Daccord,daccojo01,/players/g/granlmi01.html,Nashville Predators,3,2,0,1,4,81,77,.951,1.30
Joey Daccord,daccojo01,/players/g/granlmi01.html,New Jersey Devils,2,0,2,0,6,69,63,.913,3.09
Joey Daccord,daccojo01,/players/g/granlmi01.html,New York Islanders,2,2,0,0,4,53,49,.925,2.00
Joey Daccord,daccojo01,/players/g/granlmi01.html,Ottawa Senators,3,1,2,0,6,88,82,.932,2.10
Joey Daccord,daccojo01,/players/g/granlmi01.html,Philadelphia Flyers,2,1,1,0,4,66,62,.939,1.99
Joey Daccord,daccojo01,/players/g/granlmi01.html,Pittsburgh Penguins,4,2,1,0,8,121,113,.934,2.05
Joey Daccord,daccojo01,/players/g/granlmi01.html,San Jose Sharks,5,2,3,0,11,109,98,.899,2.26
Joey Daccord,daccojo01,/players/g/granlmi01.html,St. Louis Blues,5,0,3,2,18,122,104,.852,3.91
Joey Daccord,daccojo01,/players/g/granlmi01.html,Tampa Bay Lightning,1,0,0,1,2,7,5,.714,5.17
Joey Daccord,daccojo01,/players/g/granlmi01.html,Toronto Maple Leafs,4,1,3,0,11,120,109,.908,2.84
Joey Daccord,daccojo01,/players/g/granlmi01.html,Vancouver Canucks,5,1,2,1,18,134,116,.866,3.77
Joey Daccord,daccojo01,/players/g/granlmi01.html,Vegas Golden Knights,3,2,1,0,7,96,89,.927,2.33
Joey Daccord,daccojo01,/players/g/granlmi01.html,Washington Capitals,3,1,2,0,5,80,75,.938,1.69
Joey Daccord,daccojo01,/players/g/granlmi01.html,Winnipeg Jets,4,1,2,1,11,136,125,.919,2.75
Niklas Kokko,kokkoni01,/players/g/granlmi01.html,St. Louis Blues,1,0,0,0,2,6,4,.667,4.01
Ales Stezka,stezkal01,/players/g/granlmi01.html,Tampa Bay Lightning,1,0,1,0,3,23,20,.870,3.09
Philipp Grubauer,grubaph01,/players/g/granlmi01.html,Anaheim Ducks,18,9,7,1,43,412,369,.896,2.54
Philipp Grubauer,grubaph01,/players/g/granlmi01.html,Arizona Coyotes,19,12,4,1,39,483,444,.919,2.20
Philipp Grubauer,grubaph01,/players/g/granlmi01.html,Boston Bruins,8,5,1,1,18,239,221,.925,2.44
Philipp Grubauer,grubaph01,/players/g/granlmi01.html,Buffalo Sabres,13,8,1,2,19,340,321,.944,1.51
Philipp Grubauer,grubaph01,/players/g/granlmi01.html,Calgary Flames,10,3,5,1,26,312,286,.917,2.82
Philipp Grubauer,grubaph01,/players/g/granlmi01.html,Carolina Hurricanes,15,6,7,1,37,513,476,.928,2.59
Philipp Grubauer,grubaph01,/players/g/granlmi01.html,Chicago Blackhawks,11,4,4,1,23,280,257,.918,2.39
Philipp Grubauer,grubaph01,/players/g/granlmi01.html,Colorado Avalanche,13,5,5,1,37,341,304,.891,2.99
Philipp Grubauer,grubaph01,/players/g/granlmi01.html,Columbus Blue Jackets,11,3,4,3,30,281,251,.893,3.12
Philipp Grubauer,grubaph01,/players/g/granlmi01.html,Dallas Stars,14,2,6,3,31,373,342,.917,2.59
Philipp Grubauer,grubaph01,/players/g/granlmi01.html,Detroit Red Wings,6,4,1,1,11,132,121,.917,2.27
Philipp Grubauer,grubaph01,/players/g/granlmi01.html,Edmonton Oilers,9,3,5,0,26,170,144,.847,4.22
Philipp Grubauer,grubaph01,/players/g/granlmi01.html,Florida Panthers,11,4,4,2,32,315,283,.898,3.08
Philipp Grubauer,grubaph01,/players/g/granlmi01.html,Los Angeles Kings,13,7,5,0,25,329,304,.924,1.98
Philipp Grubauer,grubaph01,/players/g/granlmi01.html,Minnesota Wild,17,9,7,0,47,445,398,.894,2.95
Philipp Grubauer,grubaph01,/players/g/granlmi01.html,Montreal Canadiens,8,4,4,0,19,190,171,.900,2.74
Philipp Grubauer,grubaph01,/players/g/granlmi01.html,Nashville Predators,10,4,5,0,24,268,244,.910,2.62
Philipp Grubauer,grubaph01,/players/g/granlmi01.html,New Jersey Devils,9,5,4,0,20,239,219,.916,2.23
Philipp Grubauer,grubaph01,/players/g/granlmi01.html,New York Islanders,8,4,3,0,18,232,214,.922,2.34
Philipp Grubauer,grubaph01,/players/g/granlmi01.html,New York Rangers,14,5,7,1,31,368,337,.916,2.46
Philipp Grubauer,grubaph01,/players/g/granlmi01.html,Ottawa Senators,9,5,4,0,19,271,252,.930,2.13
Philipp Grubauer,grubaph01,/players/g/granlmi01.html,Philadelphia Flyers,12,5,5,1,40,279,239,.857,3.85
Philipp Grubauer,grubaph01,/players/g/granlmi01.html,Pittsburgh Penguins,9,4,1,2,16,177,161,.910,2.66
Philipp Grubauer,grubaph01,/players/g/granlmi01.html,San Jose Sharks,18,11,5,1,40,463,423,.914,2.30
Philipp Grubauer,grubaph01,/players/g/granlmi01.html,St. Louis Blues,11,4,5,2,31,300,269,.897,2.81
Philipp Grubauer,grubaph01,/players/g/granlmi01.html,Tampa Bay Lightning,13,5,5,1,34,365,331,.907,3.02
Philipp Grubauer,grubaph01,/players/g/granlmi01.html,Toronto Maple Leafs,10,4,4,1,26,230,204,.887,3.54
Philipp Grubauer,grubaph01,/players/g/granlmi01.html,Utah Hockey Club,1,1,0,0,2,30,28,.933,2.00
Philipp Grubauer,grubaph01,/players/g/granlmi01.html,Vancouver Canucks,10,5,2,2,30,256,226,.883,3.15
Philipp Grubauer,grubaph01,/players/g/granlmi01.html,Vegas Golden Knights,20,7,10,2,49,567,518,.914,2.55
Philipp Grubauer,grubaph01,/players/g/granlmi01.html,Washington Capitals,6,3,2,1,15,197,182,.924,2.53
Philipp Grubauer,grubaph01,/players/g/granlmi01.html,Winnipeg Jets,9,3,5,1,30,250,220,.880,3.30
Vítek Vaněček,vanecvi01,/players/g/granlmi01.html,Anaheim Ducks,3,1,1,1,6,93,87,.935,1.98
Vítek Vaněček,vanecvi01,/players/g/granlmi01.html,Arizona Coyotes,2,2,0,0,4,48,44,.917,1.99
Vítek Vaněček,vanecvi01,/players/g/granlmi01.html,Boston Bruins,14,6,6,0,36,363,327,.901,2.89
Vítek Vaněček,vanecvi01,/players/g/granlmi01.html,Buffalo Sabres,13,10,2,1,30,361,331,.917,2.39
Vítek Vaněček,vanecvi01,/players/g/granlmi01.html,Calgary Flames,6,4,1,0,18,167,149,.892,3.37
Vítek Vaněček,vanecvi01,/players/g/granlmi01.html,Carolina Hurricanes,8,3,3,1,15,203,188,.926,2.16
Vítek Vaněček,vanecvi01,/players/g/granlmi01.html,Chicago Blackhawks,5,3,1,1,11,138,127,.920,2.19
Vítek Vaněček,vanecvi01,/players/g/granlmi01.html,Colorado Avalanche,5,3,2,0,16,133,117,.880,3.46
Vítek Vaněček,vanecvi01,/players/g/granlmi01.html,Columbus Blue Jackets,7,7,0,0,11,221,210,.950,1.55
Vítek Vaněček,vanecvi01,/players/g/granlmi01.html,Dallas Stars,4,2,2,0,13,121,108,.893,3.28
Vítek Vaněček,vanecvi01,/players/g/granlmi01.html,Detroit Red Wings,7,4,2,1,20,189,169,.894,2.85
Vítek Vaněček,vanecvi01,/players/g/granlmi01.html,Edmonton Oilers,3,2,1,0,7,81,74,.914,2.88
Vítek Vaněček,vanecvi01,/players/g/granlmi01.html,Florida Panthers,2,0,1,1,6,45,39,.867,3.90
Vítek Vaněček,vanecvi01,/players/g/granlmi01.html,Los Angeles Kings,3,2,1,0,8,74,66,.892,2.68
Vítek Vaněček,vanecvi01,/players/g/granlmi01.html,Minnesota Wild,6,2,2,2,18,160,142,.888,2.93
Vítek Vaněček,vanecvi01,/players/g/granlmi01.html,Montreal Canadiens,4,3,1,0,11,104,93,.894,2.76
Vítek Vaněček,vanecvi01,/players/g/granlmi01.html,Nashville Predators,1,0,0,1,4,24,20,.833,3.96
Vítek Vaněček,vanecvi01,/players/g/granlmi01.html,New Jersey Devils,6,6,0,0,14,166,152,.916,2.30
Vítek Vaněček,vanecvi01,/players/g/granlmi01.html,New York Islanders,11,5,3,0,27,280,253,.904,2.93
Vítek Vaněček,vanecvi01,/players/g/granlmi01.html,New York Rangers,12,7,4,1,32,337,305,.905,2.67
Vítek Vaněček,vanecvi01,/players/g/granlmi01.html,Ottawa Senators,3,1,1,0,9,74,65,.878,3.18
Vítek Vaněček,vanecvi01,/players/g/granlmi01.html,Philadelphia Flyers,6,0,3,2,17,167,150,.898,3.00
Vítek Vaněček,vanecvi01,/players/g/granlmi01.html,Pittsburgh Penguins,14,8,1,3,32,360,328,.911,2.56
Vítek Vaněček,vanecvi01,/players/g/granlmi01.html,San Jose Sharks,1,1,0,0,3,32,29,.906,2.81
Vítek Vaněček,vanecvi01,/players/g/granlmi01.html,Seattle Kraken,3,2,1,0,11,92,81,.880,3.71
Vítek Vaněček,vanecvi01,/players/g/granlmi01.html,St. Louis Blues,1,0,1,0,4,37,33,.892,4.20
Vítek Vaněček,vanecvi01,/players/g/granlmi01.html,Tampa Bay Lightning,7,1,4,2,24,176,152,.864,3.76
Vítek Vaněček,vanecvi01,/players/g/granlmi01.html,Toronto Maple Leafs,6,1,3,1,15,132,117,.886,2.91
Vítek Vaněček,vanecvi01,/players/g/granlmi01.html,Utah Hockey Club,1,0,1,0,4,40,36,.900,4.04
Vítek Vaněček,vanecvi01,/players/g/granlmi01.html,Vancouver Canucks,4,3,0,1,14,113,99,.876,3.44
Vítek Vaněček,vanecvi01,/players/g/granlmi01.html,Vegas Golden Knights,4,2,2,0,15,133,118,.887,3.68
Vítek Vaněček,vanecvi01,/players/g/granlmi01.html,Washington Capitals,4,1,1,0,6,63,57,.905,2.82
Vítek Vaněček,vanecvi01,/players/g/granlmi01.html,Winnipeg Jets,5,2,1,1,14,149,135,.906,3.23
Yaroslav Askarov,askarya01,/players/g/granlmi01.html,Boston Bruins,1,0,1,0,4,31,27,.871,4.10
Yaroslav Askarov,askarya01,/players/g/granlmi01.html,Calgary Flames,1,0,1,0,2,32,30,.938,2.07
Yaroslav Askarov,askarya01,/players/g/granlmi01.html,Carolina Hurricanes,1,0,0,0,0,6,6,1.000,0.00
Yaroslav Askarov,askarya01,/players/g/granlmi01.html,Edmonton Oilers,1,0,0,1,3,42,39,.929,2.99
Yaroslav Askarov,askarya01,/players/g/granlmi01.html,Florida Panthers,1,0,0,0,3,17,14,.824,4.87
Yaroslav Askarov,askarya01,/players/g/granlmi01.html,Los Angeles Kings,1,1,0,0,2,24,22,.917,2.00
Yaroslav Askarov,askarya01,/players/g/granlmi01.html,Minnesota Wild,1,0,1,0,3,22,19,.864,3.04
Yaroslav Askarov,askarya01,/players/g/granlmi01.html,Montreal Canadiens,1,0,1,0,4,35,31,.886,4.15
Yaroslav Askarov,askarya01,/players/g/granlmi01.html,Nashville Predators,1,0,1,0,6,38,32,.842,6.19
Yaroslav Askarov,askarya01,/players/g/granlmi01.html,New Jersey Devils,1,1,0,0,2,30,28,.933,2.00
Yaroslav Askarov,askarya01,/players/g/granlmi01.html,Pittsburgh Penguins,1,1,0,0,1,30,29,.967,1.00
Yaroslav Askarov,askarya01,/players/g/granlmi01.html,Seattle Kraken,1,0,1,0,4,11,7,.636,9.24
Yaroslav Askarov,askarya01,/players/g/granlmi01.html,St. Louis Blues,1,0,0,1,2,31,29,.935,1.92
Yaroslav Askarov,askarya01,/players/g/granlmi01.html,Tampa Bay Lightning,1,1,0,0,1,25,24,.960,1.00
Yaroslav Askarov,askarya01,/players/g/granlmi01.html,Vancouver Canucks,1,0,1,0,4,24,20,.833,4.17
Yaroslav Askarov,askarya01,/players/g/granlmi01.html,Washington Capitals,1,1,0,0,2,29,27,.931,1.85
